------------------------------------------------------
Started: 2026-09-09 10:06:47.846867
Existing_entries: 0
Fetching from https://daily.jstor.org/feed/
Summarization failed, append the original article
error: Connection error.
Append: [How the Elite Learned to Seem Less Elite](https://daily.jstor.org/how-the-elite-learned-to-seem-less-elite/)
Summarization failed, append the original article
error: Connection error.
Append: [The Nazi Car That Conquered the World](https://daily.jstor.org/the-nazi-car-that-conquered-the-world/)
Summarization failed, append the original article
error: Connection error.
Append: [The Chinese-Only Schools of the Jim Crow South](https://daily.jstor.org/the-chinese-only-schools-of-the-jim-crow-south/)
Summarization failed, append the original article
error: Connection error.
Append: [Why Is Raja Ravi Varma’s Art So Valuable Today?](https://daily.jstor.org/why-is-raja-ravi-varmas-art-so-valuable-today/)
Summarization failed, append the original article
error: Connection error.
Append: [A Brief History of Women’s Underwear](https://daily.jstor.org/a-brief-history-of-womens-underwear/)
Summarization failed, append the original article
error: Connection error.
Append: [What Civics Class Is For](https://daily.jstor.org/what-civics-class-is-for/)
Summarization failed, append the original article
error: Connection error.
Append: [The Jewish Labor Bund’s Anti-Zionist Legacy](https://daily.jstor.org/the-jewish-labor-bunds-anti-zionist-legacy/)
Summarization failed, append the original article
error: Connection error.
Append: [Why Is Leadership Riskier for Women?](https://daily.jstor.org/why-is-leadership-riskier-for-women/)
Append: [Back to School](https://daily.jstor.org/editors-picks-back-school/)
Append: [How Kudzu Was Supposed to Save the South](https://daily.jstor.org/how-kudzu-was-supposed-to-save-the-south/)
Fetching from https://aeon.co/feed.rss
Append: [Making revisions](https://aeon.co/videos/meet-the-aboriginal-australian-artists-painting-over-the-colonial-past)
Append: [Our eloquent hands](https://aeon.co/essays/what-palmistry-and-medicine-have-always-had-in-common)
Append: [The planet is… up to something](https://aeon.co/videos/is-this-artemis-ii-timelapse-the-pale-blue-dot-for-our-times)
Append: [Continental divide](https://aeon.co/essays/why-the-pan-american-highway-only-half-exists)
Append: [Upend the trickle-down](https://aeon.co/essays/why-western-democracy-is-ailing-and-how-to-fix-it)
Append: [Neuroqueering on the lawn](https://aeon.co/essays/neuroqueer-expression-and-the-limits-of-social-tolerance)
Append: [More nothing now](https://aeon.co/essays/play-is-doing-its-work-even-if-were-not-keeping-score)
Append: [The Singapore strategies](https://aeon.co/essays/did-singapore-go-wrong-in-its-quest-for-food-security)
Append: [The fog of hunger](https://aeon.co/essays/a-hungry-woman-is-easier-to-dismiss-than-a-well-fed-woman)
Append: [A vocabulary for the future: touch](https://aeon.co/videos/repulsion-at-the-core-of-attraction-on-the-paradox-of-touch)
Append: [Dolphins and other lovers](https://aeon.co/essays/why-the-andoque-of-the-amazon-fear-the-seductive-dolphin)
Append: [The conscience files](https://aeon.co/videos/thieves-of-cursed-rocks-pen-letters-of-remorse-to-a-national-park)
Append: [In praise of zealotry](https://aeon.co/essays/polite-debate-has-privilege-the-marginalised-need-zealotry)
Append: [The World Famous Gopher Hole Museum](https://aeon.co/videos/torrington-has-some-240-residents-and-one-unusual-tourist-attraction)
Append: [Worm munch matters](https://aeon.co/essays/worm-munch-matters-the-new-acoustic-ecology-of-the-soil)
Append: [The neverending house](https://aeon.co/essays/the-art-of-dwelling-in-santiagos-self-built-homes)
Append: [Where the earth meets the sky](https://aeon.co/videos/in-the-remote-desert-an-awe-inspiring-artwork-collapses-time-and-space)
Append: [Mecca and the mall](https://aeon.co/essays/my-pilgrimage-to-mecca-in-the-age-of-the-golf-cart-and-mall)
Append: [Bouncy brothers](https://aeon.co/videos/a-tale-of-brotherhood-bouncy-castles-and-the-american-dream)
Append: [A second sexual revolution](https://aeon.co/essays/how-shere-hite-listened-to-womens-sexual-desires-and-dislikes)
Fetching from https://theconversation.com/global/arts-culture/articles.atom
Fetch error: 404
Fetch failed from https://theconversation.com/global/arts-culture/articles.atom
Fetching from https://theconversation.com/global/society/articles.atom
Fetch error: 404
Fetch failed from https://theconversation.com/global/society/articles.atom
append_entries: 30
error when rendering xml, skip docs/人文与社会深度
------------------------------------------------------
Started: 2026-09-09 10:19:57.036320
Existing_entries: 0
Fetching from https://daily.jstor.org/feed/
Summarization failed, append the original article
error: Connection error.
Append: [How the Elite Learned to Seem Less Elite](https://daily.jstor.org/how-the-elite-learned-to-seem-less-elite/)
Summarization failed, append the original article
error: Connection error.
Append: [The Nazi Car That Conquered the World](https://daily.jstor.org/the-nazi-car-that-conquered-the-world/)
Summarization failed, append the original article
error: Connection error.
Append: [The Chinese-Only Schools of the Jim Crow South](https://daily.jstor.org/the-chinese-only-schools-of-the-jim-crow-south/)
Summarization failed, append the original article
error: Connection error.
Append: [Why Is Raja Ravi Varma’s Art So Valuable Today?](https://daily.jstor.org/why-is-raja-ravi-varmas-art-so-valuable-today/)
Summarization failed, append the original article
error: Connection error.
Append: [A Brief History of Women’s Underwear](https://daily.jstor.org/a-brief-history-of-womens-underwear/)
Summarization failed, append the original article
error: Connection error.
Append: [What Civics Class Is For](https://daily.jstor.org/what-civics-class-is-for/)
Summarization failed, append the original article
error: Connection error.
Append: [The Jewish Labor Bund’s Anti-Zionist Legacy](https://daily.jstor.org/the-jewish-labor-bunds-anti-zionist-legacy/)
Summarization failed, append the original article
error: Connection error.
Append: [Why Is Leadership Riskier for Women?](https://daily.jstor.org/why-is-leadership-riskier-for-women/)
Append: [Back to School](https://daily.jstor.org/editors-picks-back-school/)
Append: [How Kudzu Was Supposed to Save the South](https://daily.jstor.org/how-kudzu-was-supposed-to-save-the-south/)
Fetching from https://aeon.co/feed.rss
Append: [Making revisions](https://aeon.co/videos/meet-the-aboriginal-australian-artists-painting-over-the-colonial-past)
Append: [Our eloquent hands](https://aeon.co/essays/what-palmistry-and-medicine-have-always-had-in-common)
Append: [The planet is… up to something](https://aeon.co/videos/is-this-artemis-ii-timelapse-the-pale-blue-dot-for-our-times)
Append: [Continental divide](https://aeon.co/essays/why-the-pan-american-highway-only-half-exists)
Append: [Upend the trickle-down](https://aeon.co/essays/why-western-democracy-is-ailing-and-how-to-fix-it)
Append: [Neuroqueering on the lawn](https://aeon.co/essays/neuroqueer-expression-and-the-limits-of-social-tolerance)
Append: [More nothing now](https://aeon.co/essays/play-is-doing-its-work-even-if-were-not-keeping-score)
Append: [The Singapore strategies](https://aeon.co/essays/did-singapore-go-wrong-in-its-quest-for-food-security)
Append: [The fog of hunger](https://aeon.co/essays/a-hungry-woman-is-easier-to-dismiss-than-a-well-fed-woman)
Append: [A vocabulary for the future: touch](https://aeon.co/videos/repulsion-at-the-core-of-attraction-on-the-paradox-of-touch)
Append: [Dolphins and other lovers](https://aeon.co/essays/why-the-andoque-of-the-amazon-fear-the-seductive-dolphin)
Append: [The conscience files](https://aeon.co/videos/thieves-of-cursed-rocks-pen-letters-of-remorse-to-a-national-park)
Append: [In praise of zealotry](https://aeon.co/essays/polite-debate-has-privilege-the-marginalised-need-zealotry)
Append: [The World Famous Gopher Hole Museum](https://aeon.co/videos/torrington-has-some-240-residents-and-one-unusual-tourist-attraction)
Append: [Worm munch matters](https://aeon.co/essays/worm-munch-matters-the-new-acoustic-ecology-of-the-soil)
Append: [The neverending house](https://aeon.co/essays/the-art-of-dwelling-in-santiagos-self-built-homes)
Append: [Where the earth meets the sky](https://aeon.co/videos/in-the-remote-desert-an-awe-inspiring-artwork-collapses-time-and-space)
Append: [Mecca and the mall](https://aeon.co/essays/my-pilgrimage-to-mecca-in-the-age-of-the-golf-cart-and-mall)
Append: [Bouncy brothers](https://aeon.co/videos/a-tale-of-brotherhood-bouncy-castles-and-the-american-dream)
Append: [A second sexual revolution](https://aeon.co/essays/how-shere-hite-listened-to-womens-sexual-desires-and-dislikes)
Fetching from https://theconversation.com/global/arts-culture/articles.atom
Fetch error: 404
Fetch failed from https://theconversation.com/global/arts-culture/articles.atom
Fetching from https://theconversation.com/global/society/articles.atom
Fetch error: 404
Fetch failed from https://theconversation.com/global/society/articles.atom
append_entries: 30
error when rendering xml, skip docs/人文与社会深度
------------------------------------------------------
Started: 2026-09-09 11:14:45.088796
Existing_entries: 0
Fetching from https://daily.jstor.org/feed/
Token length: 3796
Summarized using deepseek-chat
Append: [How the Elite Learned to Seem Less Elite](https://daily.jstor.org/how-the-elite-learned-to-seem-less-elite/)
Token length: 4523
Summarized using deepseek-chat
Append: [The Nazi Car That Conquered the World](https://daily.jstor.org/the-nazi-car-that-conquered-the-world/)
Token length: 5518
Summarized using deepseek-chat
Append: [The Chinese-Only Schools of the Jim Crow South](https://daily.jstor.org/the-chinese-only-schools-of-the-jim-crow-south/)
Token length: 6665
Summarized using deepseek-chat
Append: [Why Is Raja Ravi Varma’s Art So Valuable Today?](https://daily.jstor.org/why-is-raja-ravi-varmas-art-so-valuable-today/)
Token length: 4394
Summarized using deepseek-chat
Append: [A Brief History of Women’s Underwear](https://daily.jstor.org/a-brief-history-of-womens-underwear/)
Token length: 3458
Summarized using deepseek-chat
Append: [What Civics Class Is For](https://daily.jstor.org/what-civics-class-is-for/)
Token length: 4752
Summarized using deepseek-chat
Append: [The Jewish Labor Bund’s Anti-Zionist Legacy](https://daily.jstor.org/the-jewish-labor-bunds-anti-zionist-legacy/)
Token length: 3429
Summarized using deepseek-chat
Append: [Why Is Leadership Riskier for Women?](https://daily.jstor.org/why-is-leadership-riskier-for-women/)
Append: [Back to School](https://daily.jstor.org/editors-picks-back-school/)
Append: [How Kudzu Was Supposed to Save the South](https://daily.jstor.org/how-kudzu-was-supposed-to-save-the-south/)
Fetching from https://aeon.co/feed.rss
Append: [Making revisions](https://aeon.co/videos/meet-the-aboriginal-australian-artists-painting-over-the-colonial-past)
Append: [Our eloquent hands](https://aeon.co/essays/what-palmistry-and-medicine-have-always-had-in-common)
Append: [The planet is… up to something](https://aeon.co/videos/is-this-artemis-ii-timelapse-the-pale-blue-dot-for-our-times)
Append: [Continental divide](https://aeon.co/essays/why-the-pan-american-highway-only-half-exists)
Append: [Upend the trickle-down](https://aeon.co/essays/why-western-democracy-is-ailing-and-how-to-fix-it)
Append: [Neuroqueering on the lawn](https://aeon.co/essays/neuroqueer-expression-and-the-limits-of-social-tolerance)
Append: [More nothing now](https://aeon.co/essays/play-is-doing-its-work-even-if-were-not-keeping-score)
Append: [The Singapore strategies](https://aeon.co/essays/did-singapore-go-wrong-in-its-quest-for-food-security)
Append: [The fog of hunger](https://aeon.co/essays/a-hungry-woman-is-easier-to-dismiss-than-a-well-fed-woman)
Append: [A vocabulary for the future: touch](https://aeon.co/videos/repulsion-at-the-core-of-attraction-on-the-paradox-of-touch)
Append: [Dolphins and other lovers](https://aeon.co/essays/why-the-andoque-of-the-amazon-fear-the-seductive-dolphin)
Append: [The conscience files](https://aeon.co/videos/thieves-of-cursed-rocks-pen-letters-of-remorse-to-a-national-park)
Append: [In praise of zealotry](https://aeon.co/essays/polite-debate-has-privilege-the-marginalised-need-zealotry)
Append: [The World Famous Gopher Hole Museum](https://aeon.co/videos/torrington-has-some-240-residents-and-one-unusual-tourist-attraction)
Append: [Worm munch matters](https://aeon.co/essays/worm-munch-matters-the-new-acoustic-ecology-of-the-soil)
Append: [The neverending house](https://aeon.co/essays/the-art-of-dwelling-in-santiagos-self-built-homes)
Append: [Where the earth meets the sky](https://aeon.co/videos/in-the-remote-desert-an-awe-inspiring-artwork-collapses-time-and-space)
Append: [Mecca and the mall](https://aeon.co/essays/my-pilgrimage-to-mecca-in-the-age-of-the-golf-cart-and-mall)
Append: [Bouncy brothers](https://aeon.co/videos/a-tale-of-brotherhood-bouncy-castles-and-the-american-dream)
Append: [A second sexual revolution](https://aeon.co/essays/how-shere-hite-listened-to-womens-sexual-desires-and-dislikes)
Fetching from https://theconversation.com/global/arts-culture/articles.atom
Fetch error: 404
Fetch failed from https://theconversation.com/global/arts-culture/articles.atom
Fetching from https://theconversation.com/global/society/articles.atom
Fetch error: 404
Fetch failed from https://theconversation.com/global/society/articles.atom
append_entries: 30
error when rendering xml, skip docs/人文与社会深度
------------------------------------------------------
Started: 2026-09-09 11:41:19.632444
Existing_entries: 0
Fetching from https://daily.jstor.org/feed/
Append: [How the Elite Learned to Seem Less Elite](https://daily.jstor.org/how-the-elite-learned-to-seem-less-elite/)
Append: [The Nazi Car That Conquered the World](https://daily.jstor.org/the-nazi-car-that-conquered-the-world/)
Append: [The Chinese-Only Schools of the Jim Crow South](https://daily.jstor.org/the-chinese-only-schools-of-the-jim-crow-south/)
Append: [Why Is Raja Ravi Varma’s Art So Valuable Today?](https://daily.jstor.org/why-is-raja-ravi-varmas-art-so-valuable-today/)
Append: [A Brief History of Women’s Underwear](https://daily.jstor.org/a-brief-history-of-womens-underwear/)
Append: [What Civics Class Is For](https://daily.jstor.org/what-civics-class-is-for/)
Append: [The Jewish Labor Bund’s Anti-Zionist Legacy](https://daily.jstor.org/the-jewish-labor-bunds-anti-zionist-legacy/)
Append: [Why Is Leadership Riskier for Women?](https://daily.jstor.org/why-is-leadership-riskier-for-women/)
Append: [Back to School](https://daily.jstor.org/editors-picks-back-school/)
Append: [How Kudzu Was Supposed to Save the South](https://daily.jstor.org/how-kudzu-was-supposed-to-save-the-south/)
Fetching from https://aeon.co/feed.rss
Append: [Making revisions](https://aeon.co/videos/meet-the-aboriginal-australian-artists-painting-over-the-colonial-past)
Append: [Our eloquent hands](https://aeon.co/essays/what-palmistry-and-medicine-have-always-had-in-common)
Append: [The planet is… up to something](https://aeon.co/videos/is-this-artemis-ii-timelapse-the-pale-blue-dot-for-our-times)
Append: [Continental divide](https://aeon.co/essays/why-the-pan-american-highway-only-half-exists)
Append: [Upend the trickle-down](https://aeon.co/essays/why-western-democracy-is-ailing-and-how-to-fix-it)
Append: [Neuroqueering on the lawn](https://aeon.co/essays/neuroqueer-expression-and-the-limits-of-social-tolerance)
Append: [More nothing now](https://aeon.co/essays/play-is-doing-its-work-even-if-were-not-keeping-score)
Append: [The Singapore strategies](https://aeon.co/essays/did-singapore-go-wrong-in-its-quest-for-food-security)
Append: [The fog of hunger](https://aeon.co/essays/a-hungry-woman-is-easier-to-dismiss-than-a-well-fed-woman)
Append: [A vocabulary for the future: touch](https://aeon.co/videos/repulsion-at-the-core-of-attraction-on-the-paradox-of-touch)
Append: [Dolphins and other lovers](https://aeon.co/essays/why-the-andoque-of-the-amazon-fear-the-seductive-dolphin)
Append: [The conscience files](https://aeon.co/videos/thieves-of-cursed-rocks-pen-letters-of-remorse-to-a-national-park)
Append: [In praise of zealotry](https://aeon.co/essays/polite-debate-has-privilege-the-marginalised-need-zealotry)
Append: [The World Famous Gopher Hole Museum](https://aeon.co/videos/torrington-has-some-240-residents-and-one-unusual-tourist-attraction)
Append: [Worm munch matters](https://aeon.co/essays/worm-munch-matters-the-new-acoustic-ecology-of-the-soil)
Append: [The neverending house](https://aeon.co/essays/the-art-of-dwelling-in-santiagos-self-built-homes)
Append: [Where the earth meets the sky](https://aeon.co/videos/in-the-remote-desert-an-awe-inspiring-artwork-collapses-time-and-space)
Append: [Mecca and the mall](https://aeon.co/essays/my-pilgrimage-to-mecca-in-the-age-of-the-golf-cart-and-mall)
Append: [Bouncy brothers](https://aeon.co/videos/a-tale-of-brotherhood-bouncy-castles-and-the-american-dream)
Append: [A second sexual revolution](https://aeon.co/essays/how-shere-hite-listened-to-womens-sexual-desires-and-dislikes)
Fetching from https://theconversation.com/global/arts-culture/articles.atom
Fetch error: 404
Fetch failed from https://theconversation.com/global/arts-culture/articles.atom
Fetching from https://theconversation.com/global/society/articles.atom
Fetch error: 404
Fetch failed from https://theconversation.com/global/society/articles.atom
append_entries: 30
error when rendering xml, skip docs/人文与社会深度
------------------------------------------------------
Started: 2026-09-09 12:13:59.446011
Existing_entries: 0
Fetching from https://daily.jstor.org/feed/
Append: [How the Elite Learned to Seem Less Elite](https://daily.jstor.org/how-the-elite-learned-to-seem-less-elite/)
Append: [The Nazi Car That Conquered the World](https://daily.jstor.org/the-nazi-car-that-conquered-the-world/)
Append: [The Chinese-Only Schools of the Jim Crow South](https://daily.jstor.org/the-chinese-only-schools-of-the-jim-crow-south/)
Append: [Why Is Raja Ravi Varma’s Art So Valuable Today?](https://daily.jstor.org/why-is-raja-ravi-varmas-art-so-valuable-today/)
Append: [A Brief History of Women’s Underwear](https://daily.jstor.org/a-brief-history-of-womens-underwear/)
Append: [What Civics Class Is For](https://daily.jstor.org/what-civics-class-is-for/)
Append: [The Jewish Labor Bund’s Anti-Zionist Legacy](https://daily.jstor.org/the-jewish-labor-bunds-anti-zionist-legacy/)
Append: [Why Is Leadership Riskier for Women?](https://daily.jstor.org/why-is-leadership-riskier-for-women/)
Append: [Back to School](https://daily.jstor.org/editors-picks-back-school/)
Append: [How Kudzu Was Supposed to Save the South](https://daily.jstor.org/how-kudzu-was-supposed-to-save-the-south/)
Fetching from https://aeon.co/feed.rss
Append: [Making revisions](https://aeon.co/videos/meet-the-aboriginal-australian-artists-painting-over-the-colonial-past)
Append: [Our eloquent hands](https://aeon.co/essays/what-palmistry-and-medicine-have-always-had-in-common)
Append: [The planet is… up to something](https://aeon.co/videos/is-this-artemis-ii-timelapse-the-pale-blue-dot-for-our-times)
Append: [Continental divide](https://aeon.co/essays/why-the-pan-american-highway-only-half-exists)
Append: [Upend the trickle-down](https://aeon.co/essays/why-western-democracy-is-ailing-and-how-to-fix-it)
Append: [Neuroqueering on the lawn](https://aeon.co/essays/neuroqueer-expression-and-the-limits-of-social-tolerance)
Append: [More nothing now](https://aeon.co/essays/play-is-doing-its-work-even-if-were-not-keeping-score)
Append: [The Singapore strategies](https://aeon.co/essays/did-singapore-go-wrong-in-its-quest-for-food-security)
Append: [The fog of hunger](https://aeon.co/essays/a-hungry-woman-is-easier-to-dismiss-than-a-well-fed-woman)
Append: [A vocabulary for the future: touch](https://aeon.co/videos/repulsion-at-the-core-of-attraction-on-the-paradox-of-touch)
Append: [Dolphins and other lovers](https://aeon.co/essays/why-the-andoque-of-the-amazon-fear-the-seductive-dolphin)
Append: [The conscience files](https://aeon.co/videos/thieves-of-cursed-rocks-pen-letters-of-remorse-to-a-national-park)
Append: [In praise of zealotry](https://aeon.co/essays/polite-debate-has-privilege-the-marginalised-need-zealotry)
Append: [The World Famous Gopher Hole Museum](https://aeon.co/videos/torrington-has-some-240-residents-and-one-unusual-tourist-attraction)
Append: [Worm munch matters](https://aeon.co/essays/worm-munch-matters-the-new-acoustic-ecology-of-the-soil)
Append: [The neverending house](https://aeon.co/essays/the-art-of-dwelling-in-santiagos-self-built-homes)
Append: [Where the earth meets the sky](https://aeon.co/videos/in-the-remote-desert-an-awe-inspiring-artwork-collapses-time-and-space)
Append: [Mecca and the mall](https://aeon.co/essays/my-pilgrimage-to-mecca-in-the-age-of-the-golf-cart-and-mall)
Append: [Bouncy brothers](https://aeon.co/videos/a-tale-of-brotherhood-bouncy-castles-and-the-american-dream)
Append: [A second sexual revolution](https://aeon.co/essays/how-shere-hite-listened-to-womens-sexual-desires-and-dislikes)
Fetching from https://theconversation.com/global/arts-culture/articles.atom
Fetch error: 404
Fetch failed from https://theconversation.com/global/arts-culture/articles.atom
Fetching from https://theconversation.com/global/society/articles.atom
Fetch error: 404
Fetch failed from https://theconversation.com/global/society/articles.atom
append_entries: 30
error when rendering xml, skip docs/人文与社会深度
------------------------------------------------------
Started: 2026-09-09 14:12:30.223989
Existing_entries: 0
Fetching from https://daily.jstor.org/feed/
Append: [What Came Before the American Suburb?](https://daily.jstor.org/what-came-before-the-american-suburb/)
Append: [How the Elite Learned to Seem Less Elite](https://daily.jstor.org/how-the-elite-learned-to-seem-less-elite/)
Append: [The Nazi Car That Conquered the World](https://daily.jstor.org/the-nazi-car-that-conquered-the-world/)
Append: [The Chinese-Only Schools of the Jim Crow South](https://daily.jstor.org/the-chinese-only-schools-of-the-jim-crow-south/)
Append: [Why Is Raja Ravi Varma’s Art So Valuable Today?](https://daily.jstor.org/why-is-raja-ravi-varmas-art-so-valuable-today/)
Append: [A Brief History of Women’s Underwear](https://daily.jstor.org/a-brief-history-of-womens-underwear/)
Append: [What Civics Class Is For](https://daily.jstor.org/what-civics-class-is-for/)
Append: [The Jewish Labor Bund’s Anti-Zionist Legacy](https://daily.jstor.org/the-jewish-labor-bunds-anti-zionist-legacy/)
Append: [Why Is Leadership Riskier for Women?](https://daily.jstor.org/why-is-leadership-riskier-for-women/)
Append: [Back to School](https://daily.jstor.org/editors-picks-back-school/)
Fetching from https://aeon.co/feed.rss
Append: [Making revisions](https://aeon.co/videos/meet-the-aboriginal-australian-artists-painting-over-the-colonial-past)
Append: [Our eloquent hands](https://aeon.co/essays/what-palmistry-and-medicine-have-always-had-in-common)
Append: [The planet is… up to something](https://aeon.co/videos/is-this-artemis-ii-timelapse-the-pale-blue-dot-for-our-times)
Append: [Continental divide](https://aeon.co/essays/why-the-pan-american-highway-only-half-exists)
Append: [Upend the trickle-down](https://aeon.co/essays/why-western-democracy-is-ailing-and-how-to-fix-it)
Append: [Neuroqueering on the lawn](https://aeon.co/essays/neuroqueer-expression-and-the-limits-of-social-tolerance)
Append: [More nothing now](https://aeon.co/essays/play-is-doing-its-work-even-if-were-not-keeping-score)
Append: [The Singapore strategies](https://aeon.co/essays/did-singapore-go-wrong-in-its-quest-for-food-security)
Append: [The fog of hunger](https://aeon.co/essays/a-hungry-woman-is-easier-to-dismiss-than-a-well-fed-woman)
Append: [A vocabulary for the future: touch](https://aeon.co/videos/repulsion-at-the-core-of-attraction-on-the-paradox-of-touch)
Append: [Dolphins and other lovers](https://aeon.co/essays/why-the-andoque-of-the-amazon-fear-the-seductive-dolphin)
Append: [The conscience files](https://aeon.co/videos/thieves-of-cursed-rocks-pen-letters-of-remorse-to-a-national-park)
Append: [In praise of zealotry](https://aeon.co/essays/polite-debate-has-privilege-the-marginalised-need-zealotry)
Append: [The World Famous Gopher Hole Museum](https://aeon.co/videos/torrington-has-some-240-residents-and-one-unusual-tourist-attraction)
Append: [Worm munch matters](https://aeon.co/essays/worm-munch-matters-the-new-acoustic-ecology-of-the-soil)
Append: [The neverending house](https://aeon.co/essays/the-art-of-dwelling-in-santiagos-self-built-homes)
Append: [Where the earth meets the sky](https://aeon.co/videos/in-the-remote-desert-an-awe-inspiring-artwork-collapses-time-and-space)
Append: [Mecca and the mall](https://aeon.co/essays/my-pilgrimage-to-mecca-in-the-age-of-the-golf-cart-and-mall)
Append: [Bouncy brothers](https://aeon.co/videos/a-tale-of-brotherhood-bouncy-castles-and-the-american-dream)
Append: [A second sexual revolution](https://aeon.co/essays/how-shere-hite-listened-to-womens-sexual-desires-and-dislikes)
Fetching from https://theconversation.com/global/arts-culture/articles.atom
Fetch error: 404
Fetch failed from https://theconversation.com/global/arts-culture/articles.atom
Fetching from https://theconversation.com/global/society/articles.atom
Fetch error: 404
Fetch failed from https://theconversation.com/global/society/articles.atom
append_entries: 30
error when rendering xml, skip docs/人文与社会深度
------------------------------------------------------
Started: 2026-09-09 16:13:23.787917
Existing_entries: 0
Fetching from https://daily.jstor.org/feed/
Append: [What Came Before the American Suburb?](https://daily.jstor.org/what-came-before-the-american-suburb/)
Append: [How the Elite Learned to Seem Less Elite](https://daily.jstor.org/how-the-elite-learned-to-seem-less-elite/)
Append: [The Nazi Car That Conquered the World](https://daily.jstor.org/the-nazi-car-that-conquered-the-world/)
Append: [The Chinese-Only Schools of the Jim Crow South](https://daily.jstor.org/the-chinese-only-schools-of-the-jim-crow-south/)
Append: [Why Is Raja Ravi Varma’s Art So Valuable Today?](https://daily.jstor.org/why-is-raja-ravi-varmas-art-so-valuable-today/)
Append: [A Brief History of Women’s Underwear](https://daily.jstor.org/a-brief-history-of-womens-underwear/)
Append: [What Civics Class Is For](https://daily.jstor.org/what-civics-class-is-for/)
Append: [The Jewish Labor Bund’s Anti-Zionist Legacy](https://daily.jstor.org/the-jewish-labor-bunds-anti-zionist-legacy/)
Append: [Why Is Leadership Riskier for Women?](https://daily.jstor.org/why-is-leadership-riskier-for-women/)
Append: [Back to School](https://daily.jstor.org/editors-picks-back-school/)
Fetching from https://aeon.co/feed.rss
Append: [Making revisions](https://aeon.co/videos/meet-the-aboriginal-australian-artists-painting-over-the-colonial-past)
Append: [Our eloquent hands](https://aeon.co/essays/what-palmistry-and-medicine-have-always-had-in-common)
Append: [The planet is… up to something](https://aeon.co/videos/is-this-artemis-ii-timelapse-the-pale-blue-dot-for-our-times)
Append: [Continental divide](https://aeon.co/essays/why-the-pan-american-highway-only-half-exists)
Append: [Upend the trickle-down](https://aeon.co/essays/why-western-democracy-is-ailing-and-how-to-fix-it)
Append: [Neuroqueering on the lawn](https://aeon.co/essays/neuroqueer-expression-and-the-limits-of-social-tolerance)
Append: [More nothing now](https://aeon.co/essays/play-is-doing-its-work-even-if-were-not-keeping-score)
Append: [The Singapore strategies](https://aeon.co/essays/did-singapore-go-wrong-in-its-quest-for-food-security)
Append: [The fog of hunger](https://aeon.co/essays/a-hungry-woman-is-easier-to-dismiss-than-a-well-fed-woman)
Append: [A vocabulary for the future: touch](https://aeon.co/videos/repulsion-at-the-core-of-attraction-on-the-paradox-of-touch)
Append: [Dolphins and other lovers](https://aeon.co/essays/why-the-andoque-of-the-amazon-fear-the-seductive-dolphin)
Append: [The conscience files](https://aeon.co/videos/thieves-of-cursed-rocks-pen-letters-of-remorse-to-a-national-park)
Append: [In praise of zealotry](https://aeon.co/essays/polite-debate-has-privilege-the-marginalised-need-zealotry)
Append: [The World Famous Gopher Hole Museum](https://aeon.co/videos/torrington-has-some-240-residents-and-one-unusual-tourist-attraction)
Append: [Worm munch matters](https://aeon.co/essays/worm-munch-matters-the-new-acoustic-ecology-of-the-soil)
Append: [The neverending house](https://aeon.co/essays/the-art-of-dwelling-in-santiagos-self-built-homes)
Append: [Where the earth meets the sky](https://aeon.co/videos/in-the-remote-desert-an-awe-inspiring-artwork-collapses-time-and-space)
Append: [Mecca and the mall](https://aeon.co/essays/my-pilgrimage-to-mecca-in-the-age-of-the-golf-cart-and-mall)
Append: [Bouncy brothers](https://aeon.co/videos/a-tale-of-brotherhood-bouncy-castles-and-the-american-dream)
Append: [A second sexual revolution](https://aeon.co/essays/how-shere-hite-listened-to-womens-sexual-desires-and-dislikes)
Fetching from https://theconversation.com/global/arts-culture/articles.atom
Fetch error: 404
Fetch failed from https://theconversation.com/global/arts-culture/articles.atom
Fetching from https://theconversation.com/global/society/articles.atom
Fetch error: 404
Fetch failed from https://theconversation.com/global/society/articles.atom
append_entries: 30
error when rendering xml, skip docs/人文与社会深度
------------------------------------------------------
Started: 2026-09-09 18:14:46.525401
Existing_entries: 0
Fetching from https://daily.jstor.org/feed/
Append: [What Came Before the American Suburb?](https://daily.jstor.org/what-came-before-the-american-suburb/)
Append: [How the Elite Learned to Seem Less Elite](https://daily.jstor.org/how-the-elite-learned-to-seem-less-elite/)
Append: [The Nazi Car That Conquered the World](https://daily.jstor.org/the-nazi-car-that-conquered-the-world/)
Append: [The Chinese-Only Schools of the Jim Crow South](https://daily.jstor.org/the-chinese-only-schools-of-the-jim-crow-south/)
Append: [Why Is Raja Ravi Varma’s Art So Valuable Today?](https://daily.jstor.org/why-is-raja-ravi-varmas-art-so-valuable-today/)
Append: [A Brief History of Women’s Underwear](https://daily.jstor.org/a-brief-history-of-womens-underwear/)
Append: [What Civics Class Is For](https://daily.jstor.org/what-civics-class-is-for/)
Append: [The Jewish Labor Bund’s Anti-Zionist Legacy](https://daily.jstor.org/the-jewish-labor-bunds-anti-zionist-legacy/)
Append: [Why Is Leadership Riskier for Women?](https://daily.jstor.org/why-is-leadership-riskier-for-women/)
Append: [Back to School](https://daily.jstor.org/editors-picks-back-school/)
Fetching from https://aeon.co/feed.rss
Append: [Making revisions](https://aeon.co/videos/meet-the-aboriginal-australian-artists-painting-over-the-colonial-past)
Append: [Our eloquent hands](https://aeon.co/essays/what-palmistry-and-medicine-have-always-had-in-common)
Append: [The planet is… up to something](https://aeon.co/videos/is-this-artemis-ii-timelapse-the-pale-blue-dot-for-our-times)
Append: [Continental divide](https://aeon.co/essays/why-the-pan-american-highway-only-half-exists)
Append: [Upend the trickle-down](https://aeon.co/essays/why-western-democracy-is-ailing-and-how-to-fix-it)
Append: [Neuroqueering on the lawn](https://aeon.co/essays/neuroqueer-expression-and-the-limits-of-social-tolerance)
Append: [More nothing now](https://aeon.co/essays/play-is-doing-its-work-even-if-were-not-keeping-score)
Append: [The Singapore strategies](https://aeon.co/essays/did-singapore-go-wrong-in-its-quest-for-food-security)
Append: [The fog of hunger](https://aeon.co/essays/a-hungry-woman-is-easier-to-dismiss-than-a-well-fed-woman)
Append: [A vocabulary for the future: touch](https://aeon.co/videos/repulsion-at-the-core-of-attraction-on-the-paradox-of-touch)
Append: [Dolphins and other lovers](https://aeon.co/essays/why-the-andoque-of-the-amazon-fear-the-seductive-dolphin)
Append: [The conscience files](https://aeon.co/videos/thieves-of-cursed-rocks-pen-letters-of-remorse-to-a-national-park)
Append: [In praise of zealotry](https://aeon.co/essays/polite-debate-has-privilege-the-marginalised-need-zealotry)
Append: [The World Famous Gopher Hole Museum](https://aeon.co/videos/torrington-has-some-240-residents-and-one-unusual-tourist-attraction)
Append: [Worm munch matters](https://aeon.co/essays/worm-munch-matters-the-new-acoustic-ecology-of-the-soil)
Append: [The neverending house](https://aeon.co/essays/the-art-of-dwelling-in-santiagos-self-built-homes)
Append: [Where the earth meets the sky](https://aeon.co/videos/in-the-remote-desert-an-awe-inspiring-artwork-collapses-time-and-space)
Append: [Mecca and the mall](https://aeon.co/essays/my-pilgrimage-to-mecca-in-the-age-of-the-golf-cart-and-mall)
Append: [Bouncy brothers](https://aeon.co/videos/a-tale-of-brotherhood-bouncy-castles-and-the-american-dream)
Append: [A second sexual revolution](https://aeon.co/essays/how-shere-hite-listened-to-womens-sexual-desires-and-dislikes)
Fetching from https://theconversation.com/global/arts-culture/articles.atom
Fetch error: 404
Fetch failed from https://theconversation.com/global/arts-culture/articles.atom
Fetching from https://theconversation.com/global/society/articles.atom
Fetch error: 404
Fetch failed from https://theconversation.com/global/society/articles.atom
append_entries: 30
error when rendering xml, skip docs/人文与社会深度
------------------------------------------------------
Started: 2026-09-09 20:12:10.076802
Existing_entries: 0
Fetching from https://daily.jstor.org/feed/
Append: [What Came Before the American Suburb?](https://daily.jstor.org/what-came-before-the-american-suburb/)
Append: [How the Elite Learned to Seem Less Elite](https://daily.jstor.org/how-the-elite-learned-to-seem-less-elite/)
Append: [The Nazi Car That Conquered the World](https://daily.jstor.org/the-nazi-car-that-conquered-the-world/)
Append: [The Chinese-Only Schools of the Jim Crow South](https://daily.jstor.org/the-chinese-only-schools-of-the-jim-crow-south/)
Append: [Why Is Raja Ravi Varma’s Art So Valuable Today?](https://daily.jstor.org/why-is-raja-ravi-varmas-art-so-valuable-today/)
Append: [A Brief History of Women’s Underwear](https://daily.jstor.org/a-brief-history-of-womens-underwear/)
Append: [What Civics Class Is For](https://daily.jstor.org/what-civics-class-is-for/)
Append: [The Jewish Labor Bund’s Anti-Zionist Legacy](https://daily.jstor.org/the-jewish-labor-bunds-anti-zionist-legacy/)
Append: [Why Is Leadership Riskier for Women?](https://daily.jstor.org/why-is-leadership-riskier-for-women/)
Append: [Back to School](https://daily.jstor.org/editors-picks-back-school/)
Fetching from https://aeon.co/feed.rss
Append: [Making revisions](https://aeon.co/videos/meet-the-aboriginal-australian-artists-painting-over-the-colonial-past)
Append: [Our eloquent hands](https://aeon.co/essays/what-palmistry-and-medicine-have-always-had-in-common)
Append: [The planet is… up to something](https://aeon.co/videos/is-this-artemis-ii-timelapse-the-pale-blue-dot-for-our-times)
Append: [Continental divide](https://aeon.co/essays/why-the-pan-american-highway-only-half-exists)
Append: [Upend the trickle-down](https://aeon.co/essays/why-western-democracy-is-ailing-and-how-to-fix-it)
Append: [Neuroqueering on the lawn](https://aeon.co/essays/neuroqueer-expression-and-the-limits-of-social-tolerance)
Append: [More nothing now](https://aeon.co/essays/play-is-doing-its-work-even-if-were-not-keeping-score)
Append: [The Singapore strategies](https://aeon.co/essays/did-singapore-go-wrong-in-its-quest-for-food-security)
Append: [The fog of hunger](https://aeon.co/essays/a-hungry-woman-is-easier-to-dismiss-than-a-well-fed-woman)
Append: [A vocabulary for the future: touch](https://aeon.co/videos/repulsion-at-the-core-of-attraction-on-the-paradox-of-touch)
Append: [Dolphins and other lovers](https://aeon.co/essays/why-the-andoque-of-the-amazon-fear-the-seductive-dolphin)
Append: [The conscience files](https://aeon.co/videos/thieves-of-cursed-rocks-pen-letters-of-remorse-to-a-national-park)
Append: [In praise of zealotry](https://aeon.co/essays/polite-debate-has-privilege-the-marginalised-need-zealotry)
Append: [The World Famous Gopher Hole Museum](https://aeon.co/videos/torrington-has-some-240-residents-and-one-unusual-tourist-attraction)
Append: [Worm munch matters](https://aeon.co/essays/worm-munch-matters-the-new-acoustic-ecology-of-the-soil)
Append: [The neverending house](https://aeon.co/essays/the-art-of-dwelling-in-santiagos-self-built-homes)
Append: [Where the earth meets the sky](https://aeon.co/videos/in-the-remote-desert-an-awe-inspiring-artwork-collapses-time-and-space)
Append: [Mecca and the mall](https://aeon.co/essays/my-pilgrimage-to-mecca-in-the-age-of-the-golf-cart-and-mall)
Append: [Bouncy brothers](https://aeon.co/videos/a-tale-of-brotherhood-bouncy-castles-and-the-american-dream)
Append: [A second sexual revolution](https://aeon.co/essays/how-shere-hite-listened-to-womens-sexual-desires-and-dislikes)
Fetching from https://theconversation.com/global/arts-culture/articles.atom
Fetch error: 404
Fetch failed from https://theconversation.com/global/arts-culture/articles.atom
Fetching from https://theconversation.com/global/society/articles.atom
Fetch error: 404
Fetch failed from https://theconversation.com/global/society/articles.atom
append_entries: 30
error when rendering xml, skip docs/人文与社会深度
------------------------------------------------------
Started: 2026-09-09 22:12:09.130924
Existing_entries: 0
Fetching from https://daily.jstor.org/feed/
Append: [What Came Before the American Suburb?](https://daily.jstor.org/what-came-before-the-american-suburb/)
Append: [How the Elite Learned to Seem Less Elite](https://daily.jstor.org/how-the-elite-learned-to-seem-less-elite/)
Append: [The Nazi Car That Conquered the World](https://daily.jstor.org/the-nazi-car-that-conquered-the-world/)
Append: [The Chinese-Only Schools of the Jim Crow South](https://daily.jstor.org/the-chinese-only-schools-of-the-jim-crow-south/)
Append: [Why Is Raja Ravi Varma’s Art So Valuable Today?](https://daily.jstor.org/why-is-raja-ravi-varmas-art-so-valuable-today/)
Append: [A Brief History of Women’s Underwear](https://daily.jstor.org/a-brief-history-of-womens-underwear/)
Append: [What Civics Class Is For](https://daily.jstor.org/what-civics-class-is-for/)
Append: [The Jewish Labor Bund’s Anti-Zionist Legacy](https://daily.jstor.org/the-jewish-labor-bunds-anti-zionist-legacy/)
Append: [Why Is Leadership Riskier for Women?](https://daily.jstor.org/why-is-leadership-riskier-for-women/)
Append: [Back to School](https://daily.jstor.org/editors-picks-back-school/)
Fetching from https://aeon.co/feed.rss
Append: [Making revisions](https://aeon.co/videos/meet-the-aboriginal-australian-artists-painting-over-the-colonial-past)
Append: [Our eloquent hands](https://aeon.co/essays/what-palmistry-and-medicine-have-always-had-in-common)
Append: [The planet is… up to something](https://aeon.co/videos/is-this-artemis-ii-timelapse-the-pale-blue-dot-for-our-times)
Append: [Continental divide](https://aeon.co/essays/why-the-pan-american-highway-only-half-exists)
Append: [Upend the trickle-down](https://aeon.co/essays/why-western-democracy-is-ailing-and-how-to-fix-it)
Append: [Neuroqueering on the lawn](https://aeon.co/essays/neuroqueer-expression-and-the-limits-of-social-tolerance)
Append: [More nothing now](https://aeon.co/essays/play-is-doing-its-work-even-if-were-not-keeping-score)
Append: [The Singapore strategies](https://aeon.co/essays/did-singapore-go-wrong-in-its-quest-for-food-security)
Append: [The fog of hunger](https://aeon.co/essays/a-hungry-woman-is-easier-to-dismiss-than-a-well-fed-woman)
Append: [A vocabulary for the future: touch](https://aeon.co/videos/repulsion-at-the-core-of-attraction-on-the-paradox-of-touch)
Append: [Dolphins and other lovers](https://aeon.co/essays/why-the-andoque-of-the-amazon-fear-the-seductive-dolphin)
Append: [The conscience files](https://aeon.co/videos/thieves-of-cursed-rocks-pen-letters-of-remorse-to-a-national-park)
Append: [In praise of zealotry](https://aeon.co/essays/polite-debate-has-privilege-the-marginalised-need-zealotry)
Append: [The World Famous Gopher Hole Museum](https://aeon.co/videos/torrington-has-some-240-residents-and-one-unusual-tourist-attraction)
Append: [Worm munch matters](https://aeon.co/essays/worm-munch-matters-the-new-acoustic-ecology-of-the-soil)
Append: [The neverending house](https://aeon.co/essays/the-art-of-dwelling-in-santiagos-self-built-homes)
Append: [Where the earth meets the sky](https://aeon.co/videos/in-the-remote-desert-an-awe-inspiring-artwork-collapses-time-and-space)
Append: [Mecca and the mall](https://aeon.co/essays/my-pilgrimage-to-mecca-in-the-age-of-the-golf-cart-and-mall)
Append: [Bouncy brothers](https://aeon.co/videos/a-tale-of-brotherhood-bouncy-castles-and-the-american-dream)
Append: [A second sexual revolution](https://aeon.co/essays/how-shere-hite-listened-to-womens-sexual-desires-and-dislikes)
Fetching from https://theconversation.com/global/arts-culture/articles.atom
Fetch error: 404
Fetch failed from https://theconversation.com/global/arts-culture/articles.atom
Fetching from https://theconversation.com/global/society/articles.atom
Fetch error: 404
Fetch failed from https://theconversation.com/global/society/articles.atom
append_entries: 30
error when rendering xml, skip docs/人文与社会深度
------------------------------------------------------
Started: 2026-09-10 00:14:59.215876
Existing_entries: 0
Fetching from https://daily.jstor.org/feed/
Append: [What Came Before the American Suburb?](https://daily.jstor.org/what-came-before-the-american-suburb/)
Append: [How the Elite Learned to Seem Less Elite](https://daily.jstor.org/how-the-elite-learned-to-seem-less-elite/)
Append: [The Nazi Car That Conquered the World](https://daily.jstor.org/the-nazi-car-that-conquered-the-world/)
Append: [The Chinese-Only Schools of the Jim Crow South](https://daily.jstor.org/the-chinese-only-schools-of-the-jim-crow-south/)
Append: [Why Is Raja Ravi Varma’s Art So Valuable Today?](https://daily.jstor.org/why-is-raja-ravi-varmas-art-so-valuable-today/)
Append: [A Brief History of Women’s Underwear](https://daily.jstor.org/a-brief-history-of-womens-underwear/)
Append: [What Civics Class Is For](https://daily.jstor.org/what-civics-class-is-for/)
Append: [The Jewish Labor Bund’s Anti-Zionist Legacy](https://daily.jstor.org/the-jewish-labor-bunds-anti-zionist-legacy/)
Append: [Why Is Leadership Riskier for Women?](https://daily.jstor.org/why-is-leadership-riskier-for-women/)
Append: [Back to School](https://daily.jstor.org/editors-picks-back-school/)
Fetching from https://aeon.co/feed.rss
Append: [Making revisions](https://aeon.co/videos/meet-the-aboriginal-australian-artists-painting-over-the-colonial-past)
Append: [Our eloquent hands](https://aeon.co/essays/what-palmistry-and-medicine-have-always-had-in-common)
Append: [The planet is… up to something](https://aeon.co/videos/is-this-artemis-ii-timelapse-the-pale-blue-dot-for-our-times)
Append: [Continental divide](https://aeon.co/essays/why-the-pan-american-highway-only-half-exists)
Append: [Upend the trickle-down](https://aeon.co/essays/why-western-democracy-is-ailing-and-how-to-fix-it)
Append: [Neuroqueering on the lawn](https://aeon.co/essays/neuroqueer-expression-and-the-limits-of-social-tolerance)
Append: [More nothing now](https://aeon.co/essays/play-is-doing-its-work-even-if-were-not-keeping-score)
Append: [The Singapore strategies](https://aeon.co/essays/did-singapore-go-wrong-in-its-quest-for-food-security)
Append: [The fog of hunger](https://aeon.co/essays/a-hungry-woman-is-easier-to-dismiss-than-a-well-fed-woman)
Append: [A vocabulary for the future: touch](https://aeon.co/videos/repulsion-at-the-core-of-attraction-on-the-paradox-of-touch)
Append: [Dolphins and other lovers](https://aeon.co/essays/why-the-andoque-of-the-amazon-fear-the-seductive-dolphin)
Append: [The conscience files](https://aeon.co/videos/thieves-of-cursed-rocks-pen-letters-of-remorse-to-a-national-park)
Append: [In praise of zealotry](https://aeon.co/essays/polite-debate-has-privilege-the-marginalised-need-zealotry)
Append: [The World Famous Gopher Hole Museum](https://aeon.co/videos/torrington-has-some-240-residents-and-one-unusual-tourist-attraction)
Append: [Worm munch matters](https://aeon.co/essays/worm-munch-matters-the-new-acoustic-ecology-of-the-soil)
Append: [The neverending house](https://aeon.co/essays/the-art-of-dwelling-in-santiagos-self-built-homes)
Append: [Where the earth meets the sky](https://aeon.co/videos/in-the-remote-desert-an-awe-inspiring-artwork-collapses-time-and-space)
Append: [Mecca and the mall](https://aeon.co/essays/my-pilgrimage-to-mecca-in-the-age-of-the-golf-cart-and-mall)
Append: [Bouncy brothers](https://aeon.co/videos/a-tale-of-brotherhood-bouncy-castles-and-the-american-dream)
Append: [A second sexual revolution](https://aeon.co/essays/how-shere-hite-listened-to-womens-sexual-desires-and-dislikes)
Fetching from https://theconversation.com/global/arts-culture/articles.atom
Fetch error: 404
Fetch failed from https://theconversation.com/global/arts-culture/articles.atom
Fetching from https://theconversation.com/global/society/articles.atom
Fetch error: 404
Fetch failed from https://theconversation.com/global/society/articles.atom
append_entries: 30
error when rendering xml, skip docs/人文与社会深度
------------------------------------------------------
Started: 2026-09-10 02:12:52.161451
Existing_entries: 0
Fetching from https://daily.jstor.org/feed/
Append: [What Came Before the American Suburb?](https://daily.jstor.org/what-came-before-the-american-suburb/)
Append: [How the Elite Learned to Seem Less Elite](https://daily.jstor.org/how-the-elite-learned-to-seem-less-elite/)
Append: [The Nazi Car That Conquered the World](https://daily.jstor.org/the-nazi-car-that-conquered-the-world/)
Append: [The Chinese-Only Schools of the Jim Crow South](https://daily.jstor.org/the-chinese-only-schools-of-the-jim-crow-south/)
Append: [Why Is Raja Ravi Varma’s Art So Valuable Today?](https://daily.jstor.org/why-is-raja-ravi-varmas-art-so-valuable-today/)
Append: [A Brief History of Women’s Underwear](https://daily.jstor.org/a-brief-history-of-womens-underwear/)
Append: [What Civics Class Is For](https://daily.jstor.org/what-civics-class-is-for/)
Append: [The Jewish Labor Bund’s Anti-Zionist Legacy](https://daily.jstor.org/the-jewish-labor-bunds-anti-zionist-legacy/)
Append: [Why Is Leadership Riskier for Women?](https://daily.jstor.org/why-is-leadership-riskier-for-women/)
Append: [Back to School](https://daily.jstor.org/editors-picks-back-school/)
Fetching from https://aeon.co/feed.rss
Append: [Making revisions](https://aeon.co/videos/meet-the-aboriginal-australian-artists-painting-over-the-colonial-past)
Append: [Our eloquent hands](https://aeon.co/essays/what-palmistry-and-medicine-have-always-had-in-common)
Append: [The planet is… up to something](https://aeon.co/videos/is-this-artemis-ii-timelapse-the-pale-blue-dot-for-our-times)
Append: [Continental divide](https://aeon.co/essays/why-the-pan-american-highway-only-half-exists)
Append: [Upend the trickle-down](https://aeon.co/essays/why-western-democracy-is-ailing-and-how-to-fix-it)
Append: [Neuroqueering on the lawn](https://aeon.co/essays/neuroqueer-expression-and-the-limits-of-social-tolerance)
Append: [More nothing now](https://aeon.co/essays/play-is-doing-its-work-even-if-were-not-keeping-score)
Append: [The Singapore strategies](https://aeon.co/essays/did-singapore-go-wrong-in-its-quest-for-food-security)
Append: [The fog of hunger](https://aeon.co/essays/a-hungry-woman-is-easier-to-dismiss-than-a-well-fed-woman)
Append: [A vocabulary for the future: touch](https://aeon.co/videos/repulsion-at-the-core-of-attraction-on-the-paradox-of-touch)
Append: [Dolphins and other lovers](https://aeon.co/essays/why-the-andoque-of-the-amazon-fear-the-seductive-dolphin)
Append: [The conscience files](https://aeon.co/videos/thieves-of-cursed-rocks-pen-letters-of-remorse-to-a-national-park)
Append: [In praise of zealotry](https://aeon.co/essays/polite-debate-has-privilege-the-marginalised-need-zealotry)
Append: [The World Famous Gopher Hole Museum](https://aeon.co/videos/torrington-has-some-240-residents-and-one-unusual-tourist-attraction)
Append: [Worm munch matters](https://aeon.co/essays/worm-munch-matters-the-new-acoustic-ecology-of-the-soil)
Append: [The neverending house](https://aeon.co/essays/the-art-of-dwelling-in-santiagos-self-built-homes)
Append: [Where the earth meets the sky](https://aeon.co/videos/in-the-remote-desert-an-awe-inspiring-artwork-collapses-time-and-space)
Append: [Mecca and the mall](https://aeon.co/essays/my-pilgrimage-to-mecca-in-the-age-of-the-golf-cart-and-mall)
Append: [Bouncy brothers](https://aeon.co/videos/a-tale-of-brotherhood-bouncy-castles-and-the-american-dream)
Append: [A second sexual revolution](https://aeon.co/essays/how-shere-hite-listened-to-womens-sexual-desires-and-dislikes)
Fetching from https://theconversation.com/global/arts-culture/articles.atom
Fetch error: 404
Fetch failed from https://theconversation.com/global/arts-culture/articles.atom
Fetching from https://theconversation.com/global/society/articles.atom
Fetch error: 404
Fetch failed from https://theconversation.com/global/society/articles.atom
append_entries: 30
error when rendering xml, skip docs/人文与社会深度
------------------------------------------------------
Started: 2026-09-10 04:12:17.632148
Existing_entries: 0
Fetching from https://daily.jstor.org/feed/
Append: [What Came Before the American Suburb?](https://daily.jstor.org/what-came-before-the-american-suburb/)
Append: [How the Elite Learned to Seem Less Elite](https://daily.jstor.org/how-the-elite-learned-to-seem-less-elite/)
Append: [The Nazi Car That Conquered the World](https://daily.jstor.org/the-nazi-car-that-conquered-the-world/)
Append: [The Chinese-Only Schools of the Jim Crow South](https://daily.jstor.org/the-chinese-only-schools-of-the-jim-crow-south/)
Append: [Why Is Raja Ravi Varma’s Art So Valuable Today?](https://daily.jstor.org/why-is-raja-ravi-varmas-art-so-valuable-today/)
Append: [A Brief History of Women’s Underwear](https://daily.jstor.org/a-brief-history-of-womens-underwear/)
Append: [What Civics Class Is For](https://daily.jstor.org/what-civics-class-is-for/)
Append: [The Jewish Labor Bund’s Anti-Zionist Legacy](https://daily.jstor.org/the-jewish-labor-bunds-anti-zionist-legacy/)
Append: [Why Is Leadership Riskier for Women?](https://daily.jstor.org/why-is-leadership-riskier-for-women/)
Append: [Back to School](https://daily.jstor.org/editors-picks-back-school/)
Fetching from https://aeon.co/feed.rss
Append: [Making revisions](https://aeon.co/videos/meet-the-aboriginal-australian-artists-painting-over-the-colonial-past)
Append: [Our eloquent hands](https://aeon.co/essays/what-palmistry-and-medicine-have-always-had-in-common)
Append: [The planet is… up to something](https://aeon.co/videos/is-this-artemis-ii-timelapse-the-pale-blue-dot-for-our-times)
Append: [Continental divide](https://aeon.co/essays/why-the-pan-american-highway-only-half-exists)
Append: [Upend the trickle-down](https://aeon.co/essays/why-western-democracy-is-ailing-and-how-to-fix-it)
Append: [Neuroqueering on the lawn](https://aeon.co/essays/neuroqueer-expression-and-the-limits-of-social-tolerance)
Append: [More nothing now](https://aeon.co/essays/play-is-doing-its-work-even-if-were-not-keeping-score)
Append: [The Singapore strategies](https://aeon.co/essays/did-singapore-go-wrong-in-its-quest-for-food-security)
Append: [The fog of hunger](https://aeon.co/essays/a-hungry-woman-is-easier-to-dismiss-than-a-well-fed-woman)
Append: [A vocabulary for the future: touch](https://aeon.co/videos/repulsion-at-the-core-of-attraction-on-the-paradox-of-touch)
Append: [Dolphins and other lovers](https://aeon.co/essays/why-the-andoque-of-the-amazon-fear-the-seductive-dolphin)
Append: [The conscience files](https://aeon.co/videos/thieves-of-cursed-rocks-pen-letters-of-remorse-to-a-national-park)
Append: [In praise of zealotry](https://aeon.co/essays/polite-debate-has-privilege-the-marginalised-need-zealotry)
Append: [The World Famous Gopher Hole Museum](https://aeon.co/videos/torrington-has-some-240-residents-and-one-unusual-tourist-attraction)
Append: [Worm munch matters](https://aeon.co/essays/worm-munch-matters-the-new-acoustic-ecology-of-the-soil)
Append: [The neverending house](https://aeon.co/essays/the-art-of-dwelling-in-santiagos-self-built-homes)
Append: [Where the earth meets the sky](https://aeon.co/videos/in-the-remote-desert-an-awe-inspiring-artwork-collapses-time-and-space)
Append: [Mecca and the mall](https://aeon.co/essays/my-pilgrimage-to-mecca-in-the-age-of-the-golf-cart-and-mall)
Append: [Bouncy brothers](https://aeon.co/videos/a-tale-of-brotherhood-bouncy-castles-and-the-american-dream)
Append: [A second sexual revolution](https://aeon.co/essays/how-shere-hite-listened-to-womens-sexual-desires-and-dislikes)
Fetching from https://theconversation.com/global/arts-culture/articles.atom
Fetch error: 404
Fetch failed from https://theconversation.com/global/arts-culture/articles.atom
Fetching from https://theconversation.com/global/society/articles.atom
Fetch error: 404
Fetch failed from https://theconversation.com/global/society/articles.atom
append_entries: 30
error when rendering xml, skip docs/人文与社会深度
------------------------------------------------------
Started: 2026-09-10 06:15:14.190822
Existing_entries: 0
Fetching from https://daily.jstor.org/feed/
Append: [What Came Before the American Suburb?](https://daily.jstor.org/what-came-before-the-american-suburb/)
Append: [How the Elite Learned to Seem Less Elite](https://daily.jstor.org/how-the-elite-learned-to-seem-less-elite/)
Append: [The Nazi Car That Conquered the World](https://daily.jstor.org/the-nazi-car-that-conquered-the-world/)
Append: [The Chinese-Only Schools of the Jim Crow South](https://daily.jstor.org/the-chinese-only-schools-of-the-jim-crow-south/)
Append: [Why Is Raja Ravi Varma’s Art So Valuable Today?](https://daily.jstor.org/why-is-raja-ravi-varmas-art-so-valuable-today/)
Append: [A Brief History of Women’s Underwear](https://daily.jstor.org/a-brief-history-of-womens-underwear/)
Append: [What Civics Class Is For](https://daily.jstor.org/what-civics-class-is-for/)
Append: [The Jewish Labor Bund’s Anti-Zionist Legacy](https://daily.jstor.org/the-jewish-labor-bunds-anti-zionist-legacy/)
Append: [Why Is Leadership Riskier for Women?](https://daily.jstor.org/why-is-leadership-riskier-for-women/)
Append: [Back to School](https://daily.jstor.org/editors-picks-back-school/)
Fetching from https://aeon.co/feed.rss
Append: [Making revisions](https://aeon.co/videos/meet-the-aboriginal-australian-artists-painting-over-the-colonial-past)
Append: [Our eloquent hands](https://aeon.co/essays/what-palmistry-and-medicine-have-always-had-in-common)
Append: [The planet is… up to something](https://aeon.co/videos/is-this-artemis-ii-timelapse-the-pale-blue-dot-for-our-times)
Append: [Continental divide](https://aeon.co/essays/why-the-pan-american-highway-only-half-exists)
Append: [Upend the trickle-down](https://aeon.co/essays/why-western-democracy-is-ailing-and-how-to-fix-it)
Append: [Neuroqueering on the lawn](https://aeon.co/essays/neuroqueer-expression-and-the-limits-of-social-tolerance)
Append: [More nothing now](https://aeon.co/essays/play-is-doing-its-work-even-if-were-not-keeping-score)
Append: [The Singapore strategies](https://aeon.co/essays/did-singapore-go-wrong-in-its-quest-for-food-security)
Append: [The fog of hunger](https://aeon.co/essays/a-hungry-woman-is-easier-to-dismiss-than-a-well-fed-woman)
Append: [A vocabulary for the future: touch](https://aeon.co/videos/repulsion-at-the-core-of-attraction-on-the-paradox-of-touch)
Append: [Dolphins and other lovers](https://aeon.co/essays/why-the-andoque-of-the-amazon-fear-the-seductive-dolphin)
Append: [The conscience files](https://aeon.co/videos/thieves-of-cursed-rocks-pen-letters-of-remorse-to-a-national-park)
Append: [In praise of zealotry](https://aeon.co/essays/polite-debate-has-privilege-the-marginalised-need-zealotry)
Append: [The World Famous Gopher Hole Museum](https://aeon.co/videos/torrington-has-some-240-residents-and-one-unusual-tourist-attraction)
Append: [Worm munch matters](https://aeon.co/essays/worm-munch-matters-the-new-acoustic-ecology-of-the-soil)
Append: [The neverending house](https://aeon.co/essays/the-art-of-dwelling-in-santiagos-self-built-homes)
Append: [Where the earth meets the sky](https://aeon.co/videos/in-the-remote-desert-an-awe-inspiring-artwork-collapses-time-and-space)
Append: [Mecca and the mall](https://aeon.co/essays/my-pilgrimage-to-mecca-in-the-age-of-the-golf-cart-and-mall)
Append: [Bouncy brothers](https://aeon.co/videos/a-tale-of-brotherhood-bouncy-castles-and-the-american-dream)
Append: [A second sexual revolution](https://aeon.co/essays/how-shere-hite-listened-to-womens-sexual-desires-and-dislikes)
Fetching from https://theconversation.com/global/arts-culture/articles.atom
Fetch error: 404
Fetch failed from https://theconversation.com/global/arts-culture/articles.atom
Fetching from https://theconversation.com/global/society/articles.atom
Fetch error: 404
Fetch failed from https://theconversation.com/global/society/articles.atom
append_entries: 30
error when rendering xml, skip docs/人文与社会深度
------------------------------------------------------
Started: 2026-09-10 08:12:37.913924
Existing_entries: 0
Fetching from https://daily.jstor.org/feed/
Append: [What Came Before the American Suburb?](https://daily.jstor.org/what-came-before-the-american-suburb/)
Append: [How the Elite Learned to Seem Less Elite](https://daily.jstor.org/how-the-elite-learned-to-seem-less-elite/)
Append: [The Nazi Car That Conquered the World](https://daily.jstor.org/the-nazi-car-that-conquered-the-world/)
Append: [The Chinese-Only Schools of the Jim Crow South](https://daily.jstor.org/the-chinese-only-schools-of-the-jim-crow-south/)
Append: [Why Is Raja Ravi Varma’s Art So Valuable Today?](https://daily.jstor.org/why-is-raja-ravi-varmas-art-so-valuable-today/)
Append: [A Brief History of Women’s Underwear](https://daily.jstor.org/a-brief-history-of-womens-underwear/)
Append: [What Civics Class Is For](https://daily.jstor.org/what-civics-class-is-for/)
Append: [The Jewish Labor Bund’s Anti-Zionist Legacy](https://daily.jstor.org/the-jewish-labor-bunds-anti-zionist-legacy/)
Append: [Why Is Leadership Riskier for Women?](https://daily.jstor.org/why-is-leadership-riskier-for-women/)
Append: [Back to School](https://daily.jstor.org/editors-picks-back-school/)
Fetching from https://aeon.co/feed.rss
Append: [Making revisions](https://aeon.co/videos/meet-the-aboriginal-australian-artists-painting-over-the-colonial-past)
Append: [Our eloquent hands](https://aeon.co/essays/what-palmistry-and-medicine-have-always-had-in-common)
Append: [The planet is… up to something](https://aeon.co/videos/is-this-artemis-ii-timelapse-the-pale-blue-dot-for-our-times)
Append: [Continental divide](https://aeon.co/essays/why-the-pan-american-highway-only-half-exists)
Append: [Upend the trickle-down](https://aeon.co/essays/why-western-democracy-is-ailing-and-how-to-fix-it)
Append: [Neuroqueering on the lawn](https://aeon.co/essays/neuroqueer-expression-and-the-limits-of-social-tolerance)
Append: [More nothing now](https://aeon.co/essays/play-is-doing-its-work-even-if-were-not-keeping-score)
Append: [The Singapore strategies](https://aeon.co/essays/did-singapore-go-wrong-in-its-quest-for-food-security)
Append: [The fog of hunger](https://aeon.co/essays/a-hungry-woman-is-easier-to-dismiss-than-a-well-fed-woman)
Append: [A vocabulary for the future: touch](https://aeon.co/videos/repulsion-at-the-core-of-attraction-on-the-paradox-of-touch)
Append: [Dolphins and other lovers](https://aeon.co/essays/why-the-andoque-of-the-amazon-fear-the-seductive-dolphin)
Append: [The conscience files](https://aeon.co/videos/thieves-of-cursed-rocks-pen-letters-of-remorse-to-a-national-park)
Append: [In praise of zealotry](https://aeon.co/essays/polite-debate-has-privilege-the-marginalised-need-zealotry)
Append: [The World Famous Gopher Hole Museum](https://aeon.co/videos/torrington-has-some-240-residents-and-one-unusual-tourist-attraction)
Append: [Worm munch matters](https://aeon.co/essays/worm-munch-matters-the-new-acoustic-ecology-of-the-soil)
Append: [The neverending house](https://aeon.co/essays/the-art-of-dwelling-in-santiagos-self-built-homes)
Append: [Where the earth meets the sky](https://aeon.co/videos/in-the-remote-desert-an-awe-inspiring-artwork-collapses-time-and-space)
Append: [Mecca and the mall](https://aeon.co/essays/my-pilgrimage-to-mecca-in-the-age-of-the-golf-cart-and-mall)
Append: [Bouncy brothers](https://aeon.co/videos/a-tale-of-brotherhood-bouncy-castles-and-the-american-dream)
Append: [A second sexual revolution](https://aeon.co/essays/how-shere-hite-listened-to-womens-sexual-desires-and-dislikes)
Fetching from https://theconversation.com/global/arts-culture/articles.atom
Fetch error: 404
Fetch failed from https://theconversation.com/global/arts-culture/articles.atom
Fetching from https://theconversation.com/global/society/articles.atom
Fetch error: 404
Fetch failed from https://theconversation.com/global/society/articles.atom
append_entries: 30
error when rendering xml, skip docs/人文与社会深度
------------------------------------------------------
Started: 2026-09-10 10:12:44.285960
Existing_entries: 0
Fetching from https://daily.jstor.org/feed/
Append: [What Came Before the American Suburb?](https://daily.jstor.org/what-came-before-the-american-suburb/)
Append: [How the Elite Learned to Seem Less Elite](https://daily.jstor.org/how-the-elite-learned-to-seem-less-elite/)
Append: [The Nazi Car That Conquered the World](https://daily.jstor.org/the-nazi-car-that-conquered-the-world/)
Append: [The Chinese-Only Schools of the Jim Crow South](https://daily.jstor.org/the-chinese-only-schools-of-the-jim-crow-south/)
Append: [Why Is Raja Ravi Varma’s Art So Valuable Today?](https://daily.jstor.org/why-is-raja-ravi-varmas-art-so-valuable-today/)
Append: [A Brief History of Women’s Underwear](https://daily.jstor.org/a-brief-history-of-womens-underwear/)
Append: [What Civics Class Is For](https://daily.jstor.org/what-civics-class-is-for/)
Append: [The Jewish Labor Bund’s Anti-Zionist Legacy](https://daily.jstor.org/the-jewish-labor-bunds-anti-zionist-legacy/)
Append: [Why Is Leadership Riskier for Women?](https://daily.jstor.org/why-is-leadership-riskier-for-women/)
Append: [Back to School](https://daily.jstor.org/editors-picks-back-school/)
Fetching from https://aeon.co/feed.rss
Append: [The Chinese room](https://aeon.co/videos/could-there-ever-be-a-viable-test-for-artificial-consciousness)
Append: [Medieval mental health](https://aeon.co/essays/the-curio-cabinet-of-medieval-mental-health)
Append: [Making revisions](https://aeon.co/videos/meet-the-aboriginal-australian-artists-painting-over-the-colonial-past)
Append: [Our eloquent hands](https://aeon.co/essays/what-palmistry-and-medicine-have-always-had-in-common)
Append: [The planet is… up to something](https://aeon.co/videos/is-this-artemis-ii-timelapse-the-pale-blue-dot-for-our-times)
Append: [Continental divide](https://aeon.co/essays/why-the-pan-american-highway-only-half-exists)
Append: [Upend the trickle-down](https://aeon.co/essays/why-western-democracy-is-ailing-and-how-to-fix-it)
Append: [Neuroqueering on the lawn](https://aeon.co/essays/neuroqueer-expression-and-the-limits-of-social-tolerance)
Append: [More nothing now](https://aeon.co/essays/play-is-doing-its-work-even-if-were-not-keeping-score)
Append: [The Singapore strategies](https://aeon.co/essays/did-singapore-go-wrong-in-its-quest-for-food-security)
Append: [The fog of hunger](https://aeon.co/essays/a-hungry-woman-is-easier-to-dismiss-than-a-well-fed-woman)
Append: [A vocabulary for the future: touch](https://aeon.co/videos/repulsion-at-the-core-of-attraction-on-the-paradox-of-touch)
Append: [Dolphins and other lovers](https://aeon.co/essays/why-the-andoque-of-the-amazon-fear-the-seductive-dolphin)
Append: [The conscience files](https://aeon.co/videos/thieves-of-cursed-rocks-pen-letters-of-remorse-to-a-national-park)
Append: [In praise of zealotry](https://aeon.co/essays/polite-debate-has-privilege-the-marginalised-need-zealotry)
Append: [The World Famous Gopher Hole Museum](https://aeon.co/videos/torrington-has-some-240-residents-and-one-unusual-tourist-attraction)
Append: [Worm munch matters](https://aeon.co/essays/worm-munch-matters-the-new-acoustic-ecology-of-the-soil)
Append: [The neverending house](https://aeon.co/essays/the-art-of-dwelling-in-santiagos-self-built-homes)
Append: [Where the earth meets the sky](https://aeon.co/videos/in-the-remote-desert-an-awe-inspiring-artwork-collapses-time-and-space)
Append: [Mecca and the mall](https://aeon.co/essays/my-pilgrimage-to-mecca-in-the-age-of-the-golf-cart-and-mall)
Fetching from https://theconversation.com/global/arts-culture/articles.atom
Fetch error: 404
Fetch failed from https://theconversation.com/global/arts-culture/articles.atom
Fetching from https://theconversation.com/global/society/articles.atom
Fetch error: 404
Fetch failed from https://theconversation.com/global/society/articles.atom
append_entries: 30
error when rendering xml, skip docs/人文与社会深度
------------------------------------------------------
Started: 2026-09-10 12:15:51.886820
Existing_entries: 0
Fetching from https://daily.jstor.org/feed/
Append: [What Came Before the American Suburb?](https://daily.jstor.org/what-came-before-the-american-suburb/)
Append: [How the Elite Learned to Seem Less Elite](https://daily.jstor.org/how-the-elite-learned-to-seem-less-elite/)
Append: [The Nazi Car That Conquered the World](https://daily.jstor.org/the-nazi-car-that-conquered-the-world/)
Append: [The Chinese-Only Schools of the Jim Crow South](https://daily.jstor.org/the-chinese-only-schools-of-the-jim-crow-south/)
Append: [Why Is Raja Ravi Varma’s Art So Valuable Today?](https://daily.jstor.org/why-is-raja-ravi-varmas-art-so-valuable-today/)
Append: [A Brief History of Women’s Underwear](https://daily.jstor.org/a-brief-history-of-womens-underwear/)
Append: [What Civics Class Is For](https://daily.jstor.org/what-civics-class-is-for/)
Append: [The Jewish Labor Bund’s Anti-Zionist Legacy](https://daily.jstor.org/the-jewish-labor-bunds-anti-zionist-legacy/)
Append: [Why Is Leadership Riskier for Women?](https://daily.jstor.org/why-is-leadership-riskier-for-women/)
Append: [Back to School](https://daily.jstor.org/editors-picks-back-school/)
Fetching from https://aeon.co/feed.rss
Append: [The Chinese room](https://aeon.co/videos/could-there-ever-be-a-viable-test-for-artificial-consciousness)
Append: [Medieval mental health](https://aeon.co/essays/the-curio-cabinet-of-medieval-mental-health)
Append: [Making revisions](https://aeon.co/videos/meet-the-aboriginal-australian-artists-painting-over-the-colonial-past)
Append: [Our eloquent hands](https://aeon.co/essays/what-palmistry-and-medicine-have-always-had-in-common)
Append: [The planet is… up to something](https://aeon.co/videos/is-this-artemis-ii-timelapse-the-pale-blue-dot-for-our-times)
Append: [Continental divide](https://aeon.co/essays/why-the-pan-american-highway-only-half-exists)
Append: [Upend the trickle-down](https://aeon.co/essays/why-western-democracy-is-ailing-and-how-to-fix-it)
Append: [Neuroqueering on the lawn](https://aeon.co/essays/neuroqueer-expression-and-the-limits-of-social-tolerance)
Append: [More nothing now](https://aeon.co/essays/play-is-doing-its-work-even-if-were-not-keeping-score)
Append: [The Singapore strategies](https://aeon.co/essays/did-singapore-go-wrong-in-its-quest-for-food-security)
Append: [The fog of hunger](https://aeon.co/essays/a-hungry-woman-is-easier-to-dismiss-than-a-well-fed-woman)
Append: [A vocabulary for the future: touch](https://aeon.co/videos/repulsion-at-the-core-of-attraction-on-the-paradox-of-touch)
Append: [Dolphins and other lovers](https://aeon.co/essays/why-the-andoque-of-the-amazon-fear-the-seductive-dolphin)
Append: [The conscience files](https://aeon.co/videos/thieves-of-cursed-rocks-pen-letters-of-remorse-to-a-national-park)
Append: [In praise of zealotry](https://aeon.co/essays/polite-debate-has-privilege-the-marginalised-need-zealotry)
Append: [The World Famous Gopher Hole Museum](https://aeon.co/videos/torrington-has-some-240-residents-and-one-unusual-tourist-attraction)
Append: [Worm munch matters](https://aeon.co/essays/worm-munch-matters-the-new-acoustic-ecology-of-the-soil)
Append: [The neverending house](https://aeon.co/essays/the-art-of-dwelling-in-santiagos-self-built-homes)
Append: [Where the earth meets the sky](https://aeon.co/videos/in-the-remote-desert-an-awe-inspiring-artwork-collapses-time-and-space)
Append: [Mecca and the mall](https://aeon.co/essays/my-pilgrimage-to-mecca-in-the-age-of-the-golf-cart-and-mall)
Fetching from https://theconversation.com/global/arts-culture/articles.atom
Fetch error: 404
Fetch failed from https://theconversation.com/global/arts-culture/articles.atom
Fetching from https://theconversation.com/global/society/articles.atom
Fetch error: 404
Fetch failed from https://theconversation.com/global/society/articles.atom
append_entries: 30
error when rendering xml, skip docs/人文与社会深度
------------------------------------------------------
Started: 2026-09-10 14:11:56.408651
Existing_entries: 0
Fetching from https://daily.jstor.org/feed/
Append: [What’s Queer About The Legend of Zelda?](https://daily.jstor.org/whats-queer-about-the-legend-of-zelda/)
Append: [What Came Before the American Suburb?](https://daily.jstor.org/what-came-before-the-american-suburb/)
Append: [How the Elite Learned to Seem Less Elite](https://daily.jstor.org/how-the-elite-learned-to-seem-less-elite/)
Append: [The Nazi Car That Conquered the World](https://daily.jstor.org/the-nazi-car-that-conquered-the-world/)
Append: [The Chinese-Only Schools of the Jim Crow South](https://daily.jstor.org/the-chinese-only-schools-of-the-jim-crow-south/)
Append: [Why Is Raja Ravi Varma’s Art So Valuable Today?](https://daily.jstor.org/why-is-raja-ravi-varmas-art-so-valuable-today/)
Append: [A Brief History of Women’s Underwear](https://daily.jstor.org/a-brief-history-of-womens-underwear/)
Append: [What Civics Class Is For](https://daily.jstor.org/what-civics-class-is-for/)
Append: [The Jewish Labor Bund’s Anti-Zionist Legacy](https://daily.jstor.org/the-jewish-labor-bunds-anti-zionist-legacy/)
Append: [Why Is Leadership Riskier for Women?](https://daily.jstor.org/why-is-leadership-riskier-for-women/)
Fetching from https://aeon.co/feed.rss
Append: [The Chinese room](https://aeon.co/videos/could-there-ever-be-a-viable-test-for-artificial-consciousness)
Append: [Medieval mental health](https://aeon.co/essays/the-curio-cabinet-of-medieval-mental-health)
Append: [Making revisions](https://aeon.co/videos/meet-the-aboriginal-australian-artists-painting-over-the-colonial-past)
Append: [Our eloquent hands](https://aeon.co/essays/what-palmistry-and-medicine-have-always-had-in-common)
Append: [The planet is… up to something](https://aeon.co/videos/is-this-artemis-ii-timelapse-the-pale-blue-dot-for-our-times)
Append: [Continental divide](https://aeon.co/essays/why-the-pan-american-highway-only-half-exists)
Append: [Upend the trickle-down](https://aeon.co/essays/why-western-democracy-is-ailing-and-how-to-fix-it)
Append: [Neuroqueering on the lawn](https://aeon.co/essays/neuroqueer-expression-and-the-limits-of-social-tolerance)
Append: [More nothing now](https://aeon.co/essays/play-is-doing-its-work-even-if-were-not-keeping-score)
Append: [The Singapore strategies](https://aeon.co/essays/did-singapore-go-wrong-in-its-quest-for-food-security)
Append: [The fog of hunger](https://aeon.co/essays/a-hungry-woman-is-easier-to-dismiss-than-a-well-fed-woman)
Append: [A vocabulary for the future: touch](https://aeon.co/videos/repulsion-at-the-core-of-attraction-on-the-paradox-of-touch)
Append: [Dolphins and other lovers](https://aeon.co/essays/why-the-andoque-of-the-amazon-fear-the-seductive-dolphin)
Append: [The conscience files](https://aeon.co/videos/thieves-of-cursed-rocks-pen-letters-of-remorse-to-a-national-park)
Append: [In praise of zealotry](https://aeon.co/essays/polite-debate-has-privilege-the-marginalised-need-zealotry)
Append: [The World Famous Gopher Hole Museum](https://aeon.co/videos/torrington-has-some-240-residents-and-one-unusual-tourist-attraction)
Append: [Worm munch matters](https://aeon.co/essays/worm-munch-matters-the-new-acoustic-ecology-of-the-soil)
Append: [The neverending house](https://aeon.co/essays/the-art-of-dwelling-in-santiagos-self-built-homes)
Append: [Where the earth meets the sky](https://aeon.co/videos/in-the-remote-desert-an-awe-inspiring-artwork-collapses-time-and-space)
Append: [Mecca and the mall](https://aeon.co/essays/my-pilgrimage-to-mecca-in-the-age-of-the-golf-cart-and-mall)
Fetching from https://theconversation.com/global/arts-culture/articles.atom
Fetch error: 404
Fetch failed from https://theconversation.com/global/arts-culture/articles.atom
Fetching from https://theconversation.com/global/society/articles.atom
Fetch error: 404
Fetch failed from https://theconversation.com/global/society/articles.atom
append_entries: 30
error when rendering xml, skip docs/人文与社会深度
------------------------------------------------------
Started: 2026-09-10 16:12:02.977656
Existing_entries: 0
Fetching from https://daily.jstor.org/feed/
Append: [What’s Queer About The Legend of Zelda?](https://daily.jstor.org/whats-queer-about-the-legend-of-zelda/)
Append: [What Came Before the American Suburb?](https://daily.jstor.org/what-came-before-the-american-suburb/)
Append: [How the Elite Learned to Seem Less Elite](https://daily.jstor.org/how-the-elite-learned-to-seem-less-elite/)
Append: [The Nazi Car That Conquered the World](https://daily.jstor.org/the-nazi-car-that-conquered-the-world/)
Append: [The Chinese-Only Schools of the Jim Crow South](https://daily.jstor.org/the-chinese-only-schools-of-the-jim-crow-south/)
Append: [Why Is Raja Ravi Varma’s Art So Valuable Today?](https://daily.jstor.org/why-is-raja-ravi-varmas-art-so-valuable-today/)
Append: [A Brief History of Women’s Underwear](https://daily.jstor.org/a-brief-history-of-womens-underwear/)
Append: [What Civics Class Is For](https://daily.jstor.org/what-civics-class-is-for/)
Append: [The Jewish Labor Bund’s Anti-Zionist Legacy](https://daily.jstor.org/the-jewish-labor-bunds-anti-zionist-legacy/)
Append: [Why Is Leadership Riskier for Women?](https://daily.jstor.org/why-is-leadership-riskier-for-women/)
Fetching from https://aeon.co/feed.rss
Append: [The Chinese room](https://aeon.co/videos/could-there-ever-be-a-viable-test-for-artificial-consciousness)
Append: [Medieval mental health](https://aeon.co/essays/the-curio-cabinet-of-medieval-mental-health)
Append: [Making revisions](https://aeon.co/videos/meet-the-aboriginal-australian-artists-painting-over-the-colonial-past)
Append: [Our eloquent hands](https://aeon.co/essays/what-palmistry-and-medicine-have-always-had-in-common)
Append: [The planet is… up to something](https://aeon.co/videos/is-this-artemis-ii-timelapse-the-pale-blue-dot-for-our-times)
Append: [Continental divide](https://aeon.co/essays/why-the-pan-american-highway-only-half-exists)
Append: [Upend the trickle-down](https://aeon.co/essays/why-western-democracy-is-ailing-and-how-to-fix-it)
Append: [Neuroqueering on the lawn](https://aeon.co/essays/neuroqueer-expression-and-the-limits-of-social-tolerance)
Append: [More nothing now](https://aeon.co/essays/play-is-doing-its-work-even-if-were-not-keeping-score)
Append: [The Singapore strategies](https://aeon.co/essays/did-singapore-go-wrong-in-its-quest-for-food-security)
Append: [The fog of hunger](https://aeon.co/essays/a-hungry-woman-is-easier-to-dismiss-than-a-well-fed-woman)
Append: [A vocabulary for the future: touch](https://aeon.co/videos/repulsion-at-the-core-of-attraction-on-the-paradox-of-touch)
Append: [Dolphins and other lovers](https://aeon.co/essays/why-the-andoque-of-the-amazon-fear-the-seductive-dolphin)
Append: [The conscience files](https://aeon.co/videos/thieves-of-cursed-rocks-pen-letters-of-remorse-to-a-national-park)
Append: [In praise of zealotry](https://aeon.co/essays/polite-debate-has-privilege-the-marginalised-need-zealotry)
Append: [The World Famous Gopher Hole Museum](https://aeon.co/videos/torrington-has-some-240-residents-and-one-unusual-tourist-attraction)
Append: [Worm munch matters](https://aeon.co/essays/worm-munch-matters-the-new-acoustic-ecology-of-the-soil)
Append: [The neverending house](https://aeon.co/essays/the-art-of-dwelling-in-santiagos-self-built-homes)
Append: [Where the earth meets the sky](https://aeon.co/videos/in-the-remote-desert-an-awe-inspiring-artwork-collapses-time-and-space)
Append: [Mecca and the mall](https://aeon.co/essays/my-pilgrimage-to-mecca-in-the-age-of-the-golf-cart-and-mall)
Fetching from https://theconversation.com/global/arts-culture/articles.atom
Fetch error: 404
Fetch failed from https://theconversation.com/global/arts-culture/articles.atom
Fetching from https://theconversation.com/global/society/articles.atom
Fetch error: 404
Fetch failed from https://theconversation.com/global/society/articles.atom
append_entries: 30
error when rendering xml, skip docs/人文与社会深度
------------------------------------------------------
Started: 2026-09-10 18:14:04.957563
Existing_entries: 0
Fetching from https://daily.jstor.org/feed/
Append: [What’s Queer About The Legend of Zelda?](https://daily.jstor.org/whats-queer-about-the-legend-of-zelda/)
Append: [What Came Before the American Suburb?](https://daily.jstor.org/what-came-before-the-american-suburb/)
Append: [How the Elite Learned to Seem Less Elite](https://daily.jstor.org/how-the-elite-learned-to-seem-less-elite/)
Append: [The Nazi Car That Conquered the World](https://daily.jstor.org/the-nazi-car-that-conquered-the-world/)
Append: [The Chinese-Only Schools of the Jim Crow South](https://daily.jstor.org/the-chinese-only-schools-of-the-jim-crow-south/)
Append: [Why Is Raja Ravi Varma’s Art So Valuable Today?](https://daily.jstor.org/why-is-raja-ravi-varmas-art-so-valuable-today/)
Append: [A Brief History of Women’s Underwear](https://daily.jstor.org/a-brief-history-of-womens-underwear/)
Append: [What Civics Class Is For](https://daily.jstor.org/what-civics-class-is-for/)
Append: [The Jewish Labor Bund’s Anti-Zionist Legacy](https://daily.jstor.org/the-jewish-labor-bunds-anti-zionist-legacy/)
Append: [Why Is Leadership Riskier for Women?](https://daily.jstor.org/why-is-leadership-riskier-for-women/)
Fetching from https://aeon.co/feed.rss
Append: [The Chinese room](https://aeon.co/videos/could-there-ever-be-a-viable-test-for-artificial-consciousness)
Append: [Medieval mental health](https://aeon.co/essays/the-curio-cabinet-of-medieval-mental-health)
Append: [Making revisions](https://aeon.co/videos/meet-the-aboriginal-australian-artists-painting-over-the-colonial-past)
Append: [Our eloquent hands](https://aeon.co/essays/what-palmistry-and-medicine-have-always-had-in-common)
Append: [The planet is… up to something](https://aeon.co/videos/is-this-artemis-ii-timelapse-the-pale-blue-dot-for-our-times)
Append: [Continental divide](https://aeon.co/essays/why-the-pan-american-highway-only-half-exists)
Append: [Upend the trickle-down](https://aeon.co/essays/why-western-democracy-is-ailing-and-how-to-fix-it)
Append: [Neuroqueering on the lawn](https://aeon.co/essays/neuroqueer-expression-and-the-limits-of-social-tolerance)
Append: [More nothing now](https://aeon.co/essays/play-is-doing-its-work-even-if-were-not-keeping-score)
Append: [The Singapore strategies](https://aeon.co/essays/did-singapore-go-wrong-in-its-quest-for-food-security)
Append: [The fog of hunger](https://aeon.co/essays/a-hungry-woman-is-easier-to-dismiss-than-a-well-fed-woman)
Append: [A vocabulary for the future: touch](https://aeon.co/videos/repulsion-at-the-core-of-attraction-on-the-paradox-of-touch)
Append: [Dolphins and other lovers](https://aeon.co/essays/why-the-andoque-of-the-amazon-fear-the-seductive-dolphin)
Append: [The conscience files](https://aeon.co/videos/thieves-of-cursed-rocks-pen-letters-of-remorse-to-a-national-park)
Append: [In praise of zealotry](https://aeon.co/essays/polite-debate-has-privilege-the-marginalised-need-zealotry)
Append: [The World Famous Gopher Hole Museum](https://aeon.co/videos/torrington-has-some-240-residents-and-one-unusual-tourist-attraction)
Append: [Worm munch matters](https://aeon.co/essays/worm-munch-matters-the-new-acoustic-ecology-of-the-soil)
Append: [The neverending house](https://aeon.co/essays/the-art-of-dwelling-in-santiagos-self-built-homes)
Append: [Where the earth meets the sky](https://aeon.co/videos/in-the-remote-desert-an-awe-inspiring-artwork-collapses-time-and-space)
Append: [Mecca and the mall](https://aeon.co/essays/my-pilgrimage-to-mecca-in-the-age-of-the-golf-cart-and-mall)
Fetching from https://theconversation.com/global/arts-culture/articles.atom
Fetch error: 404
Fetch failed from https://theconversation.com/global/arts-culture/articles.atom
Fetching from https://theconversation.com/global/society/articles.atom
Fetch error: 404
Fetch failed from https://theconversation.com/global/society/articles.atom
append_entries: 30
error when rendering xml, skip docs/人文与社会深度
------------------------------------------------------
Started: 2026-09-10 20:11:48.884636
Existing_entries: 0
Fetching from https://daily.jstor.org/feed/
Append: [What’s Queer About The Legend of Zelda?](https://daily.jstor.org/whats-queer-about-the-legend-of-zelda/)
Append: [What Came Before the American Suburb?](https://daily.jstor.org/what-came-before-the-american-suburb/)
Append: [How the Elite Learned to Seem Less Elite](https://daily.jstor.org/how-the-elite-learned-to-seem-less-elite/)
Append: [The Nazi Car That Conquered the World](https://daily.jstor.org/the-nazi-car-that-conquered-the-world/)
Append: [The Chinese-Only Schools of the Jim Crow South](https://daily.jstor.org/the-chinese-only-schools-of-the-jim-crow-south/)
Append: [Why Is Raja Ravi Varma’s Art So Valuable Today?](https://daily.jstor.org/why-is-raja-ravi-varmas-art-so-valuable-today/)
Append: [A Brief History of Women’s Underwear](https://daily.jstor.org/a-brief-history-of-womens-underwear/)
Append: [What Civics Class Is For](https://daily.jstor.org/what-civics-class-is-for/)
Append: [The Jewish Labor Bund’s Anti-Zionist Legacy](https://daily.jstor.org/the-jewish-labor-bunds-anti-zionist-legacy/)
Append: [Why Is Leadership Riskier for Women?](https://daily.jstor.org/why-is-leadership-riskier-for-women/)
Fetching from https://aeon.co/feed.rss
Append: [The Chinese room](https://aeon.co/videos/could-there-ever-be-a-viable-test-for-artificial-consciousness)
Append: [Medieval mental health](https://aeon.co/essays/the-curio-cabinet-of-medieval-mental-health)
Append: [Making revisions](https://aeon.co/videos/meet-the-aboriginal-australian-artists-painting-over-the-colonial-past)
Append: [Our eloquent hands](https://aeon.co/essays/what-palmistry-and-medicine-have-always-had-in-common)
Append: [The planet is… up to something](https://aeon.co/videos/is-this-artemis-ii-timelapse-the-pale-blue-dot-for-our-times)
Append: [Continental divide](https://aeon.co/essays/why-the-pan-american-highway-only-half-exists)
Append: [Upend the trickle-down](https://aeon.co/essays/why-western-democracy-is-ailing-and-how-to-fix-it)
Append: [Neuroqueering on the lawn](https://aeon.co/essays/neuroqueer-expression-and-the-limits-of-social-tolerance)
Append: [More nothing now](https://aeon.co/essays/play-is-doing-its-work-even-if-were-not-keeping-score)
Append: [The Singapore strategies](https://aeon.co/essays/did-singapore-go-wrong-in-its-quest-for-food-security)
Append: [The fog of hunger](https://aeon.co/essays/a-hungry-woman-is-easier-to-dismiss-than-a-well-fed-woman)
Append: [A vocabulary for the future: touch](https://aeon.co/videos/repulsion-at-the-core-of-attraction-on-the-paradox-of-touch)
Append: [Dolphins and other lovers](https://aeon.co/essays/why-the-andoque-of-the-amazon-fear-the-seductive-dolphin)
Append: [The conscience files](https://aeon.co/videos/thieves-of-cursed-rocks-pen-letters-of-remorse-to-a-national-park)
Append: [In praise of zealotry](https://aeon.co/essays/polite-debate-has-privilege-the-marginalised-need-zealotry)
Append: [The World Famous Gopher Hole Museum](https://aeon.co/videos/torrington-has-some-240-residents-and-one-unusual-tourist-attraction)
Append: [Worm munch matters](https://aeon.co/essays/worm-munch-matters-the-new-acoustic-ecology-of-the-soil)
Append: [The neverending house](https://aeon.co/essays/the-art-of-dwelling-in-santiagos-self-built-homes)
Append: [Where the earth meets the sky](https://aeon.co/videos/in-the-remote-desert-an-awe-inspiring-artwork-collapses-time-and-space)
Append: [Mecca and the mall](https://aeon.co/essays/my-pilgrimage-to-mecca-in-the-age-of-the-golf-cart-and-mall)
Fetching from https://theconversation.com/global/arts-culture/articles.atom
Fetch error: 404
Fetch failed from https://theconversation.com/global/arts-culture/articles.atom
Fetching from https://theconversation.com/global/society/articles.atom
Fetch error: 404
Fetch failed from https://theconversation.com/global/society/articles.atom
append_entries: 30
error when rendering xml, skip docs/人文与社会深度
------------------------------------------------------
Started: 2026-09-10 22:10:49.084026
Existing_entries: 0
Fetching from https://daily.jstor.org/feed/
Append: [What’s Queer About The Legend of Zelda?](https://daily.jstor.org/whats-queer-about-the-legend-of-zelda/)
Append: [What Came Before the American Suburb?](https://daily.jstor.org/what-came-before-the-american-suburb/)
Append: [How the Elite Learned to Seem Less Elite](https://daily.jstor.org/how-the-elite-learned-to-seem-less-elite/)
Append: [The Nazi Car That Conquered the World](https://daily.jstor.org/the-nazi-car-that-conquered-the-world/)
Append: [The Chinese-Only Schools of the Jim Crow South](https://daily.jstor.org/the-chinese-only-schools-of-the-jim-crow-south/)
Append: [Why Is Raja Ravi Varma’s Art So Valuable Today?](https://daily.jstor.org/why-is-raja-ravi-varmas-art-so-valuable-today/)
Append: [A Brief History of Women’s Underwear](https://daily.jstor.org/a-brief-history-of-womens-underwear/)
Append: [What Civics Class Is For](https://daily.jstor.org/what-civics-class-is-for/)
Append: [The Jewish Labor Bund’s Anti-Zionist Legacy](https://daily.jstor.org/the-jewish-labor-bunds-anti-zionist-legacy/)
Append: [Why Is Leadership Riskier for Women?](https://daily.jstor.org/why-is-leadership-riskier-for-women/)
Fetching from https://aeon.co/feed.rss
Append: [The Chinese room](https://aeon.co/videos/could-there-ever-be-a-viable-test-for-artificial-consciousness)
Append: [Medieval mental health](https://aeon.co/essays/the-curio-cabinet-of-medieval-mental-health)
Append: [Making revisions](https://aeon.co/videos/meet-the-aboriginal-australian-artists-painting-over-the-colonial-past)
Append: [Our eloquent hands](https://aeon.co/essays/what-palmistry-and-medicine-have-always-had-in-common)
Append: [The planet is… up to something](https://aeon.co/videos/is-this-artemis-ii-timelapse-the-pale-blue-dot-for-our-times)
Append: [Continental divide](https://aeon.co/essays/why-the-pan-american-highway-only-half-exists)
Append: [Upend the trickle-down](https://aeon.co/essays/why-western-democracy-is-ailing-and-how-to-fix-it)
Append: [Neuroqueering on the lawn](https://aeon.co/essays/neuroqueer-expression-and-the-limits-of-social-tolerance)
Append: [More nothing now](https://aeon.co/essays/play-is-doing-its-work-even-if-were-not-keeping-score)
Append: [The Singapore strategies](https://aeon.co/essays/did-singapore-go-wrong-in-its-quest-for-food-security)
Append: [The fog of hunger](https://aeon.co/essays/a-hungry-woman-is-easier-to-dismiss-than-a-well-fed-woman)
Append: [A vocabulary for the future: touch](https://aeon.co/videos/repulsion-at-the-core-of-attraction-on-the-paradox-of-touch)
Append: [Dolphins and other lovers](https://aeon.co/essays/why-the-andoque-of-the-amazon-fear-the-seductive-dolphin)
Append: [The conscience files](https://aeon.co/videos/thieves-of-cursed-rocks-pen-letters-of-remorse-to-a-national-park)
Append: [In praise of zealotry](https://aeon.co/essays/polite-debate-has-privilege-the-marginalised-need-zealotry)
Append: [The World Famous Gopher Hole Museum](https://aeon.co/videos/torrington-has-some-240-residents-and-one-unusual-tourist-attraction)
Append: [Worm munch matters](https://aeon.co/essays/worm-munch-matters-the-new-acoustic-ecology-of-the-soil)
Append: [The neverending house](https://aeon.co/essays/the-art-of-dwelling-in-santiagos-self-built-homes)
Append: [Where the earth meets the sky](https://aeon.co/videos/in-the-remote-desert-an-awe-inspiring-artwork-collapses-time-and-space)
Append: [Mecca and the mall](https://aeon.co/essays/my-pilgrimage-to-mecca-in-the-age-of-the-golf-cart-and-mall)
Fetching from https://theconversation.com/global/arts-culture/articles.atom
Fetch error: 404
Fetch failed from https://theconversation.com/global/arts-culture/articles.atom
Fetching from https://theconversation.com/global/society/articles.atom
Fetch error: 404
Fetch failed from https://theconversation.com/global/society/articles.atom
append_entries: 30
error when rendering xml, skip docs/人文与社会深度
------------------------------------------------------
Started: 2026-09-11 00:17:16.017742
Existing_entries: 0
Fetching from https://daily.jstor.org/feed/
Append: [What’s Queer About The Legend of Zelda?](https://daily.jstor.org/whats-queer-about-the-legend-of-zelda/)
Append: [What Came Before the American Suburb?](https://daily.jstor.org/what-came-before-the-american-suburb/)
Append: [How the Elite Learned to Seem Less Elite](https://daily.jstor.org/how-the-elite-learned-to-seem-less-elite/)
Append: [The Nazi Car That Conquered the World](https://daily.jstor.org/the-nazi-car-that-conquered-the-world/)
Append: [The Chinese-Only Schools of the Jim Crow South](https://daily.jstor.org/the-chinese-only-schools-of-the-jim-crow-south/)
Append: [Why Is Raja Ravi Varma’s Art So Valuable Today?](https://daily.jstor.org/why-is-raja-ravi-varmas-art-so-valuable-today/)
Append: [A Brief History of Women’s Underwear](https://daily.jstor.org/a-brief-history-of-womens-underwear/)
Append: [What Civics Class Is For](https://daily.jstor.org/what-civics-class-is-for/)
Append: [The Jewish Labor Bund’s Anti-Zionist Legacy](https://daily.jstor.org/the-jewish-labor-bunds-anti-zionist-legacy/)
Append: [Why Is Leadership Riskier for Women?](https://daily.jstor.org/why-is-leadership-riskier-for-women/)
Fetching from https://aeon.co/feed.rss
Append: [The Chinese room](https://aeon.co/videos/could-there-ever-be-a-viable-test-for-artificial-consciousness)
Append: [Medieval mental health](https://aeon.co/essays/the-curio-cabinet-of-medieval-mental-health)
Append: [Making revisions](https://aeon.co/videos/meet-the-aboriginal-australian-artists-painting-over-the-colonial-past)
Append: [Our eloquent hands](https://aeon.co/essays/what-palmistry-and-medicine-have-always-had-in-common)
Append: [The planet is… up to something](https://aeon.co/videos/is-this-artemis-ii-timelapse-the-pale-blue-dot-for-our-times)
Append: [Continental divide](https://aeon.co/essays/why-the-pan-american-highway-only-half-exists)
Append: [Upend the trickle-down](https://aeon.co/essays/why-western-democracy-is-ailing-and-how-to-fix-it)
Append: [Neuroqueering on the lawn](https://aeon.co/essays/neuroqueer-expression-and-the-limits-of-social-tolerance)
Append: [More nothing now](https://aeon.co/essays/play-is-doing-its-work-even-if-were-not-keeping-score)
Append: [The Singapore strategies](https://aeon.co/essays/did-singapore-go-wrong-in-its-quest-for-food-security)
Append: [The fog of hunger](https://aeon.co/essays/a-hungry-woman-is-easier-to-dismiss-than-a-well-fed-woman)
Append: [A vocabulary for the future: touch](https://aeon.co/videos/repulsion-at-the-core-of-attraction-on-the-paradox-of-touch)
Append: [Dolphins and other lovers](https://aeon.co/essays/why-the-andoque-of-the-amazon-fear-the-seductive-dolphin)
Append: [The conscience files](https://aeon.co/videos/thieves-of-cursed-rocks-pen-letters-of-remorse-to-a-national-park)
Append: [In praise of zealotry](https://aeon.co/essays/polite-debate-has-privilege-the-marginalised-need-zealotry)
Append: [The World Famous Gopher Hole Museum](https://aeon.co/videos/torrington-has-some-240-residents-and-one-unusual-tourist-attraction)
Append: [Worm munch matters](https://aeon.co/essays/worm-munch-matters-the-new-acoustic-ecology-of-the-soil)
Append: [The neverending house](https://aeon.co/essays/the-art-of-dwelling-in-santiagos-self-built-homes)
Append: [Where the earth meets the sky](https://aeon.co/videos/in-the-remote-desert-an-awe-inspiring-artwork-collapses-time-and-space)
Append: [Mecca and the mall](https://aeon.co/essays/my-pilgrimage-to-mecca-in-the-age-of-the-golf-cart-and-mall)
Fetching from https://theconversation.com/global/arts-culture/articles.atom
Fetch error: 404
Fetch failed from https://theconversation.com/global/arts-culture/articles.atom
Fetching from https://theconversation.com/global/society/articles.atom
Fetch error: 404
Fetch failed from https://theconversation.com/global/society/articles.atom
append_entries: 30
error when rendering xml, skip docs/人文与社会深度
------------------------------------------------------
Started: 2026-09-11 02:11:58.069663
Existing_entries: 0
Fetching from https://daily.jstor.org/feed/
Append: [What’s Queer About The Legend of Zelda?](https://daily.jstor.org/whats-queer-about-the-legend-of-zelda/)
Append: [What Came Before the American Suburb?](https://daily.jstor.org/what-came-before-the-american-suburb/)
Append: [How the Elite Learned to Seem Less Elite](https://daily.jstor.org/how-the-elite-learned-to-seem-less-elite/)
Append: [The Nazi Car That Conquered the World](https://daily.jstor.org/the-nazi-car-that-conquered-the-world/)
Append: [The Chinese-Only Schools of the Jim Crow South](https://daily.jstor.org/the-chinese-only-schools-of-the-jim-crow-south/)
Append: [Why Is Raja Ravi Varma’s Art So Valuable Today?](https://daily.jstor.org/why-is-raja-ravi-varmas-art-so-valuable-today/)
Append: [A Brief History of Women’s Underwear](https://daily.jstor.org/a-brief-history-of-womens-underwear/)
Append: [What Civics Class Is For](https://daily.jstor.org/what-civics-class-is-for/)
Append: [The Jewish Labor Bund’s Anti-Zionist Legacy](https://daily.jstor.org/the-jewish-labor-bunds-anti-zionist-legacy/)
Append: [Why Is Leadership Riskier for Women?](https://daily.jstor.org/why-is-leadership-riskier-for-women/)
Fetching from https://aeon.co/feed.rss
Append: [The Chinese room](https://aeon.co/videos/could-there-ever-be-a-viable-test-for-artificial-consciousness)
Append: [Medieval mental health](https://aeon.co/essays/the-curio-cabinet-of-medieval-mental-health)
Append: [Making revisions](https://aeon.co/videos/meet-the-aboriginal-australian-artists-painting-over-the-colonial-past)
Append: [Our eloquent hands](https://aeon.co/essays/what-palmistry-and-medicine-have-always-had-in-common)
Append: [The planet is… up to something](https://aeon.co/videos/is-this-artemis-ii-timelapse-the-pale-blue-dot-for-our-times)
Append: [Continental divide](https://aeon.co/essays/why-the-pan-american-highway-only-half-exists)
Append: [Upend the trickle-down](https://aeon.co/essays/why-western-democracy-is-ailing-and-how-to-fix-it)
Append: [Neuroqueering on the lawn](https://aeon.co/essays/neuroqueer-expression-and-the-limits-of-social-tolerance)
Append: [More nothing now](https://aeon.co/essays/play-is-doing-its-work-even-if-were-not-keeping-score)
Append: [The Singapore strategies](https://aeon.co/essays/did-singapore-go-wrong-in-its-quest-for-food-security)
Append: [The fog of hunger](https://aeon.co/essays/a-hungry-woman-is-easier-to-dismiss-than-a-well-fed-woman)
Append: [A vocabulary for the future: touch](https://aeon.co/videos/repulsion-at-the-core-of-attraction-on-the-paradox-of-touch)
Append: [Dolphins and other lovers](https://aeon.co/essays/why-the-andoque-of-the-amazon-fear-the-seductive-dolphin)
Append: [The conscience files](https://aeon.co/videos/thieves-of-cursed-rocks-pen-letters-of-remorse-to-a-national-park)
Append: [In praise of zealotry](https://aeon.co/essays/polite-debate-has-privilege-the-marginalised-need-zealotry)
Append: [The World Famous Gopher Hole Museum](https://aeon.co/videos/torrington-has-some-240-residents-and-one-unusual-tourist-attraction)
Append: [Worm munch matters](https://aeon.co/essays/worm-munch-matters-the-new-acoustic-ecology-of-the-soil)
Append: [The neverending house](https://aeon.co/essays/the-art-of-dwelling-in-santiagos-self-built-homes)
Append: [Where the earth meets the sky](https://aeon.co/videos/in-the-remote-desert-an-awe-inspiring-artwork-collapses-time-and-space)
Append: [Mecca and the mall](https://aeon.co/essays/my-pilgrimage-to-mecca-in-the-age-of-the-golf-cart-and-mall)
Fetching from https://theconversation.com/global/arts-culture/articles.atom
Fetch error: 404
Fetch failed from https://theconversation.com/global/arts-culture/articles.atom
Fetching from https://theconversation.com/global/society/articles.atom
Fetch error: 404
Fetch failed from https://theconversation.com/global/society/articles.atom
append_entries: 30
error when rendering xml, skip docs/人文与社会深度
------------------------------------------------------
Started: 2026-09-11 04:13:26.886035
Existing_entries: 0
Fetching from https://daily.jstor.org/feed/
Append: [What’s Queer About The Legend of Zelda?](https://daily.jstor.org/whats-queer-about-the-legend-of-zelda/)
Append: [What Came Before the American Suburb?](https://daily.jstor.org/what-came-before-the-american-suburb/)
Append: [How the Elite Learned to Seem Less Elite](https://daily.jstor.org/how-the-elite-learned-to-seem-less-elite/)
Append: [The Nazi Car That Conquered the World](https://daily.jstor.org/the-nazi-car-that-conquered-the-world/)
Append: [The Chinese-Only Schools of the Jim Crow South](https://daily.jstor.org/the-chinese-only-schools-of-the-jim-crow-south/)
Append: [Why Is Raja Ravi Varma’s Art So Valuable Today?](https://daily.jstor.org/why-is-raja-ravi-varmas-art-so-valuable-today/)
Append: [A Brief History of Women’s Underwear](https://daily.jstor.org/a-brief-history-of-womens-underwear/)
Append: [What Civics Class Is For](https://daily.jstor.org/what-civics-class-is-for/)
Append: [The Jewish Labor Bund’s Anti-Zionist Legacy](https://daily.jstor.org/the-jewish-labor-bunds-anti-zionist-legacy/)
Append: [Why Is Leadership Riskier for Women?](https://daily.jstor.org/why-is-leadership-riskier-for-women/)
Fetching from https://aeon.co/feed.rss
Append: [The Chinese room](https://aeon.co/videos/could-there-ever-be-a-viable-test-for-artificial-consciousness)
Append: [Medieval mental health](https://aeon.co/essays/the-curio-cabinet-of-medieval-mental-health)
Append: [Making revisions](https://aeon.co/videos/meet-the-aboriginal-australian-artists-painting-over-the-colonial-past)
Append: [Our eloquent hands](https://aeon.co/essays/what-palmistry-and-medicine-have-always-had-in-common)
Append: [The planet is… up to something](https://aeon.co/videos/is-this-artemis-ii-timelapse-the-pale-blue-dot-for-our-times)
Append: [Continental divide](https://aeon.co/essays/why-the-pan-american-highway-only-half-exists)
Append: [Upend the trickle-down](https://aeon.co/essays/why-western-democracy-is-ailing-and-how-to-fix-it)
Append: [Neuroqueering on the lawn](https://aeon.co/essays/neuroqueer-expression-and-the-limits-of-social-tolerance)
Append: [More nothing now](https://aeon.co/essays/play-is-doing-its-work-even-if-were-not-keeping-score)
Append: [The Singapore strategies](https://aeon.co/essays/did-singapore-go-wrong-in-its-quest-for-food-security)
Append: [The fog of hunger](https://aeon.co/essays/a-hungry-woman-is-easier-to-dismiss-than-a-well-fed-woman)
Append: [A vocabulary for the future: touch](https://aeon.co/videos/repulsion-at-the-core-of-attraction-on-the-paradox-of-touch)
Append: [Dolphins and other lovers](https://aeon.co/essays/why-the-andoque-of-the-amazon-fear-the-seductive-dolphin)
Append: [The conscience files](https://aeon.co/videos/thieves-of-cursed-rocks-pen-letters-of-remorse-to-a-national-park)
Append: [In praise of zealotry](https://aeon.co/essays/polite-debate-has-privilege-the-marginalised-need-zealotry)
Append: [The World Famous Gopher Hole Museum](https://aeon.co/videos/torrington-has-some-240-residents-and-one-unusual-tourist-attraction)
Append: [Worm munch matters](https://aeon.co/essays/worm-munch-matters-the-new-acoustic-ecology-of-the-soil)
Append: [The neverending house](https://aeon.co/essays/the-art-of-dwelling-in-santiagos-self-built-homes)
Append: [Where the earth meets the sky](https://aeon.co/videos/in-the-remote-desert-an-awe-inspiring-artwork-collapses-time-and-space)
Append: [Mecca and the mall](https://aeon.co/essays/my-pilgrimage-to-mecca-in-the-age-of-the-golf-cart-and-mall)
Fetching from https://theconversation.com/global/arts-culture/articles.atom
Fetch error: 404
Fetch failed from https://theconversation.com/global/arts-culture/articles.atom
Fetching from https://theconversation.com/global/society/articles.atom
Fetch error: 404
Fetch failed from https://theconversation.com/global/society/articles.atom
append_entries: 30
error when rendering xml, skip docs/人文与社会深度
